uid,country,iso3,region,n_authors_here,year,primary_domain,is_singapore
doi:10.1093/jambio/lxag031,Singapore,SGP,Southeast Asia,2,2026,amr_hai,1
doi:10.1093/jambio/lxag031,Republic of Korea,KOR,East Asia,2,2026,amr_hai,0
doi:10.1128/spectrum.00627-26,Singapore,SGP,Southeast Asia,7,2026,tb,1
doi:10.1371/journal.pntd.0014584,Thailand,THA,Southeast Asia,7,2026,vector_borne,0
doi:10.1371/journal.pntd.0014584,United Kingdom,GBR,Europe,9,2026,vector_borne,0
doi:10.1371/journal.pntd.0014584,Australia,AUS,Oceania,7,2026,vector_borne,0
doi:10.1371/journal.pntd.0014584,Cambodia,KHM,Southeast Asia,3,2026,vector_borne,0
doi:10.1371/journal.pntd.0014584,Switzerland,CHE,Europe,1,2026,vector_borne,0
doi:10.1371/journal.pntd.0014584,Malaysia,MYS,Southeast Asia,1,2026,vector_borne,0
doi:10.1371/journal.pntd.0014584,Singapore,SGP,Southeast Asia,1,2026,vector_borne,1
doi:10.3390/ijms27031504,Singapore,SGP,Southeast Asia,3,2026,vector_borne,1
doi:10.1186/s12889-026-26979-0,Australia,AUS,Oceania,6,2026,tb,0
doi:10.1186/s12889-026-26979-0,Netherlands,NLD,Europe,2,2026,tb,0
doi:10.1186/s12889-026-26979-0,United Kingdom,GBR,Europe,4,2026,tb,0
doi:10.1186/s12889-026-26979-0,United States,USA,North America,3,2026,tb,0
doi:10.1186/s12889-026-26979-0,Singapore,SGP,Southeast Asia,2,2026,tb,1
doi:10.1186/s12889-026-26979-0,Canada,CAN,North America,1,2026,tb,0
doi:10.1016/j.avsg.2025.12.042,Singapore,SGP,Southeast Asia,1,2026,amr_hai,1
doi:10.1001/jamanetworkopen.2026.28389,Singapore,SGP,Southeast Asia,39,2026,rti,1
doi:10.1002/anie.202517460,Singapore,SGP,Southeast Asia,11,2026,amr_hai,1
doi:10.1136/bmjopen-2025-103987,Viet Nam,VNM,Southeast Asia,14,2026,rti,0
doi:10.1136/bmjopen-2025-103987,France,FRA,Europe,4,2026,rti,0
doi:10.1136/bmjopen-2025-103987,Republic of Korea,KOR,East Asia,1,2026,rti,0
doi:10.1136/bmjopen-2025-103987,Singapore,SGP,Southeast Asia,2,2026,rti,1
doi:10.1136/bmjopen-2025-103987,China,CHN,East Asia,1,2026,rti,0
doi:10.1038/s41598-026-64190-8,Sweden,SWE,Europe,11,2026,rti,0
doi:10.1038/s41598-026-64190-8,Netherlands,NLD,Europe,6,2026,rti,0
doi:10.1038/s41598-026-64190-8,Singapore,SGP,Southeast Asia,2,2026,rti,1
doi:10.1186/s12348-026-00586-x,Singapore,SGP,Southeast Asia,4,2026,tb,1
doi:10.1186/s12942-026-00467-5,United States,USA,North America,8,2026,tb,0
doi:10.1186/s12942-026-00467-5,Germany,DEU,Europe,3,2026,tb,0
doi:10.1186/s12942-026-00467-5,Singapore,SGP,Southeast Asia,1,2026,tb,1
doi:10.1186/s12942-026-00467-5,Botswana,BWA,Africa,1,2026,tb,0
doi:10.5588/ijtldopen.26.0076,Italy,ITA,Europe,1,2026,tb,0
doi:10.5588/ijtldopen.26.0076,United States,USA,North America,8,2026,tb,0
doi:10.5588/ijtldopen.26.0076,France,FRA,Europe,2,2026,tb,0
doi:10.5588/ijtldopen.26.0076,Singapore,SGP,Southeast Asia,2,2026,tb,1
doi:10.5588/ijtldopen.26.0076,United Kingdom,GBR,Europe,1,2026,tb,0
doi:10.1073/pnas.2606669123,China,CHN,East Asia,6,2026,vector_borne,0
doi:10.1073/pnas.2606669123,Singapore,SGP,Southeast Asia,7,2026,vector_borne,1
doi:10.1073/pnas.2606669123,New Zealand,NZL,Oceania,1,2026,vector_borne,0
doi:10.1073/pnas.2606669123,Switzerland,CHE,Europe,2,2026,vector_borne,0
doi:10.1073/pnas.2606669123,Australia,AUS,Oceania,2,2026,vector_borne,0
doi:10.3390/biom16070970,United Kingdom,GBR,Europe,15,2026,amr_hai,0
doi:10.3390/biom16070970,Jordan,JOR,Middle East,1,2026,amr_hai,0
doi:10.3390/biom16070970,China,CHN,East Asia,2,2026,amr_hai,0
doi:10.3390/biom16070970,Singapore,SGP,Southeast Asia,3,2026,amr_hai,1
doi:10.3390/pathogens15040378,United States,USA,North America,14,2026,vector_borne,0
doi:10.3390/pathogens15040378,Mongolia,MNG,East Asia,7,2026,vector_borne,0
doi:10.3390/pathogens15040378,Singapore,SGP,Southeast Asia,3,2026,vector_borne,1
doi:10.1080/07853890.2026.2714685,Cambodia,KHM,Southeast Asia,10,2026,tb,0
doi:10.1080/07853890.2026.2714685,Japan,JPN,East Asia,1,2026,tb,0
doi:10.1080/07853890.2026.2714685,United States,USA,North America,1,2026,tb,0
doi:10.1080/07853890.2026.2714685,Australia,AUS,Oceania,4,2026,tb,0
doi:10.1080/07853890.2026.2714685,Singapore,SGP,Southeast Asia,1,2026,tb,1
doi:10.64898/2026.03.19.26348865,Philippines,PHL,Southeast Asia,2,2026,sti,0
doi:10.64898/2026.03.19.26348865,Australia,AUS,Oceania,1,2026,sti,0
doi:10.64898/2026.03.19.26348865,Indonesia,IDN,Southeast Asia,2,2026,sti,0
doi:10.64898/2026.03.19.26348865,Malaysia,MYS,Southeast Asia,2,2026,sti,0
doi:10.64898/2026.03.19.26348865,Republic of Korea,KOR,East Asia,1,2026,sti,0
doi:10.64898/2026.03.19.26348865,India,IND,South Asia,3,2026,sti,0
doi:10.64898/2026.03.19.26348865,Thailand,THA,Southeast Asia,5,2026,sti,0
doi:10.64898/2026.03.19.26348865,Taiwan,TWN,East Asia,1,2026,sti,0
doi:10.64898/2026.03.19.26348865,Cambodia,KHM,Southeast Asia,1,2026,sti,0
doi:10.64898/2026.03.19.26348865,Hong Kong SAR,HKG,East Asia,1,2026,sti,0
doi:10.64898/2026.03.19.26348865,Viet Nam,VNM,Southeast Asia,2,2026,sti,0
doi:10.64898/2026.03.19.26348865,China,CHN,East Asia,1,2026,sti,0
doi:10.64898/2026.03.19.26348865,Singapore,SGP,Southeast Asia,1,2026,sti,1
doi:10.64898/2026.03.19.26348865,Japan,JPN,East Asia,1,2026,sti,0
doi:10.1016/j.celrep.2026.117286,United States,USA,North America,4,2026,tb,0
doi:10.1016/j.celrep.2026.117286,Singapore,SGP,Southeast Asia,4,2026,tb,1
doi:10.1016/j.celrep.2026.117286,Switzerland,CHE,Europe,2,2026,tb,0
doi:10.1016/j.ejogrb.2026.115359,Singapore,SGP,Southeast Asia,3,2026,sti,1
doi:10.1128/aac.00748-26,South Africa,ZAF,Africa,6,2026,tb,0
doi:10.1128/aac.00748-26,United States,USA,North America,1,2026,tb,0
doi:10.1128/aac.00748-26,Singapore,SGP,Southeast Asia,1,2026,tb,1
doi:10.1186/s12929-026-01277-4,China,CHN,East Asia,5,2026,rti,0
doi:10.1186/s12929-026-01277-4,Singapore,SGP,Southeast Asia,9,2026,rti,1
doi:10.1371/journal.pntd.0014395,United Kingdom,GBR,Europe,4,2026,vector_borne,0
doi:10.1371/journal.pntd.0014395,Australia,AUS,Oceania,1,2026,vector_borne,0
doi:10.1371/journal.pntd.0014395,Switzerland,CHE,Europe,1,2026,vector_borne,0
doi:10.1371/journal.pntd.0014395,Singapore,SGP,Southeast Asia,1,2026,vector_borne,1
doi:10.1038/s41467-026-74934-9,United Kingdom,GBR,Europe,7,2026,amr_hai,0
doi:10.1038/s41467-026-74934-9,Thailand,THA,Southeast Asia,4,2026,amr_hai,0
doi:10.1038/s41467-026-74934-9,Australia,AUS,Oceania,1,2026,amr_hai,0
doi:10.1038/s41467-026-74934-9,Singapore,SGP,Southeast Asia,4,2026,amr_hai,1
doi:10.1038/s41467-026-74934-9,Viet Nam,VNM,Southeast Asia,1,2026,amr_hai,0
doi:10.1038/s41467-026-74934-9,Cambodia,KHM,Southeast Asia,1,2026,amr_hai,0
doi:10.1128/mbio.01075-26,Singapore,SGP,Southeast Asia,5,2026,rti,1
doi:10.1128/mbio.01075-26,United States,USA,North America,6,2026,rti,0
doi:10.1080/10810730.2026.2687792,China,CHN,East Asia,1,2026,vector_borne,0
doi:10.1080/10810730.2026.2687792,Singapore,SGP,Southeast Asia,1,2026,vector_borne,1
doi:10.1111/scs.70292,Brunei Darussalam,BRN,Southeast Asia,2,2026,rti,0
doi:10.1111/scs.70292,Singapore,SGP,Southeast Asia,1,2026,rti,1
doi:10.3390/vaccines14060469,Singapore,SGP,Southeast Asia,8,2026,rti,1
doi:10.1177/08903344261475018,Singapore,SGP,Southeast Asia,16,2026,rti,1
doi:10.3390/ijms27167316,Singapore,SGP,Southeast Asia,4,2026,rti,1
doi:10.1093/ofid/ofag421,United Kingdom,GBR,Europe,5,2026,vector_borne,0
doi:10.1093/ofid/ofag421,Viet Nam,VNM,Southeast Asia,7,2026,vector_borne,0
doi:10.1093/ofid/ofag421,Nepal,NPL,South Asia,1,2026,vector_borne,0
doi:10.1093/ofid/ofag421,Japan,JPN,East Asia,1,2026,vector_borne,0
doi:10.1093/ofid/ofag421,Singapore,SGP,Southeast Asia,5,2026,vector_borne,1
doi:10.1093/ofid/ofag421,Malaysia,MYS,Southeast Asia,2,2026,vector_borne,0
doi:10.1371/journal.pgph.0007105,Singapore,SGP,Southeast Asia,2,2026,rti,1
doi:10.1371/journal.pgph.0007105,United Kingdom,GBR,Europe,6,2026,rti,0
doi:10.1371/journal.pgph.0007105,Iraq,IRQ,Middle East,1,2026,rti,0
doi:10.1016/j.jep.2026.122318,China,CHN,East Asia,10,2026,other_id,0
doi:10.1016/j.jep.2026.122318,Singapore,SGP,Southeast Asia,1,2026,other_id,1
doi:10.2196/88849,Belgium,BEL,Europe,2,2026,rti,0
doi:10.2196/88849,United Kingdom,GBR,Europe,1,2026,rti,0
doi:10.2196/88849,Switzerland,CHE,Europe,1,2026,rti,0
doi:10.2196/88849,Singapore,SGP,Southeast Asia,1,2026,rti,1
doi:10.2196/88849,Republic of Korea,KOR,East Asia,1,2026,rti,0
doi:10.1017/ice.2026.10526,Singapore,SGP,Southeast Asia,6,2026,rti,1
doi:10.1093/epirev/mxag011,United States,USA,North America,2,2026,other_id,0
doi:10.1093/epirev/mxag011,Republic of Korea,KOR,East Asia,1,2026,other_id,0
doi:10.1093/epirev/mxag011,United Kingdom,GBR,Europe,1,2026,other_id,0
doi:10.1093/epirev/mxag011,Japan,JPN,East Asia,2,2026,other_id,0
doi:10.1093/epirev/mxag011,Singapore,SGP,Southeast Asia,1,2026,other_id,1
doi:10.1080/21645515.2026.2661118,United States,USA,North America,2,2026,rti,0
doi:10.1080/21645515.2026.2661118,Republic of Korea,KOR,East Asia,2,2026,rti,0
doi:10.1080/21645515.2026.2661118,Hong Kong SAR,HKG,East Asia,1,2026,rti,0
doi:10.1080/21645515.2026.2661118,Singapore,SGP,Southeast Asia,1,2026,rti,1
doi:10.1080/21645515.2026.2661118,China,CHN,East Asia,1,2026,rti,0
doi:10.1080/21645515.2026.2661118,Thailand,THA,Southeast Asia,1,2026,rti,0
doi:10.1088/1361-6528/ae8602,Pakistan,PAK,South Asia,9,2026,amr_hai,0
doi:10.1088/1361-6528/ae8602,China,CHN,East Asia,1,2026,amr_hai,0
doi:10.1088/1361-6528/ae8602,Singapore,SGP,Southeast Asia,1,2026,amr_hai,1
doi:10.1186/s12889-026-26538-7,China,CHN,East Asia,8,2026,sti,0
doi:10.1186/s12889-026-26538-7,United States,USA,North America,1,2026,sti,0
doi:10.1186/s12889-026-26538-7,Singapore,SGP,Southeast Asia,1,2026,sti,1
doi:10.1016/j.idh.2026.100423,Malaysia,MYS,Southeast Asia,14,2026,amr_hai,0
doi:10.1016/j.idh.2026.100423,Singapore,SGP,Southeast Asia,1,2026,amr_hai,1
doi:10.1016/j.idh.2026.100423,Republic of Korea,KOR,East Asia,1,2026,amr_hai,0
doi:10.1016/s0140-6736(26)00410-1,Canada,CAN,North America,9,2026,sti,0
doi:10.1016/s0140-6736(26)00410-1,Singapore,SGP,Southeast Asia,1,2026,sti,1
doi:10.1016/s0140-6736(26)00410-1,Spain,ESP,Europe,2,2026,sti,0
doi:10.1016/s0140-6736(26)00410-1,Senegal,SEN,Africa,1,2026,sti,0
doi:10.1016/s0140-6736(26)00410-1,United States,USA,North America,2,2026,sti,0
doi:10.1021/acsinfecdis.6c00114,India,IND,South Asia,13,2026,vector_borne,0
doi:10.1021/acsinfecdis.6c00114,Singapore,SGP,Southeast Asia,3,2026,vector_borne,1
doi:10.1021/acsinfecdis.6c00114,France,FRA,Europe,3,2026,vector_borne,0
doi:10.3390/pathogens15030278,Singapore,SGP,Southeast Asia,4,2026,amr_hai,1
doi:10.2196/87909,Singapore,SGP,Southeast Asia,4,2026,rti,1
doi:10.1080/09540121.2026.2632324,Singapore,SGP,Southeast Asia,5,2026,sti,1
doi:10.1080/09540121.2026.2632324,Cambodia,KHM,Southeast Asia,7,2026,sti,0
doi:10.1080/09540121.2026.2632324,Japan,JPN,East Asia,1,2026,sti,0
doi:10.1080/09540121.2026.2632324,United States,USA,North America,1,2026,sti,0
doi:10.1016/s1473-3099(26)00357-9,Singapore,SGP,Southeast Asia,13,2026,amr_hai,1
doi:10.1016/s1473-3099(26)00357-9,Thailand,THA,Southeast Asia,6,2026,amr_hai,0
doi:10.1016/s1473-3099(26)00357-9,United Kingdom,GBR,Europe,3,2026,amr_hai,0
doi:10.1016/s1473-3099(26)00357-9,Malaysia,MYS,Southeast Asia,5,2026,amr_hai,0
doi:10.1016/s1473-3099(26)00357-9,Cambodia,KHM,Southeast Asia,1,2026,amr_hai,0
doi:10.1016/s1473-3099(26)00357-9,Pakistan,PAK,South Asia,3,2026,amr_hai,0
doi:10.1016/s1473-3099(26)00357-9,Philippines,PHL,Southeast Asia,3,2026,amr_hai,0
doi:10.1016/s1473-3099(26)00357-9,Viet Nam,VNM,Southeast Asia,5,2026,amr_hai,0
doi:10.1016/s1473-3099(26)00357-9,China,CHN,East Asia,4,2026,amr_hai,0
doi:10.1016/s1473-3099(26)00357-9,Indonesia,IDN,Southeast Asia,6,2026,amr_hai,0
doi:10.1016/s1473-3099(26)00357-9,Bangladesh,BGD,South Asia,1,2026,amr_hai,0
doi:10.1016/s1473-3099(26)00357-9,Timor-Leste,TLS,Southeast Asia,1,2026,amr_hai,0
doi:10.1016/s1473-3099(26)00357-9,Nepal,NPL,South Asia,5,2026,amr_hai,0
doi:10.1016/s1473-3099(26)00357-9,Sri Lanka,LKA,South Asia,1,2026,amr_hai,0
doi:10.1016/s1473-3099(26)00357-9,India,IND,South Asia,2,2026,amr_hai,0
doi:10.1016/s1473-3099(26)00357-9,Taiwan,TWN,East Asia,1,2026,amr_hai,0
doi:10.1016/s1473-3099(26)00357-9,Japan,JPN,East Asia,2,2026,amr_hai,0
doi:10.1016/s1473-3099(26)00357-9,Mongolia,MNG,East Asia,2,2026,amr_hai,0
doi:10.1016/s1473-3099(26)00357-9,Brunei Darussalam,BRN,Southeast Asia,1,2026,amr_hai,0
doi:10.1073/pnas.2532225123,United Kingdom,GBR,Europe,1,2026,other_id,0
doi:10.1073/pnas.2532225123,Singapore,SGP,Southeast Asia,1,2026,other_id,1
doi:10.1016/j.bcp.2026.118104,Singapore,SGP,Southeast Asia,2,2026,tb,1
doi:10.1016/j.bcp.2026.118104,Canada,CAN,North America,2,2026,tb,0
doi:10.1038/s44360-026-00080-7,Japan,JPN,East Asia,4,2026,sti,0
doi:10.1038/s44360-026-00080-7,United Kingdom,GBR,Europe,5,2026,sti,0
doi:10.1038/s44360-026-00080-7,Singapore,SGP,Southeast Asia,9,2026,sti,1
doi:10.1038/s44360-026-00080-7,Democratic Republic of the Congo,COD,Africa,4,2026,sti,0
doi:10.1038/s44360-026-00080-7,United States,USA,North America,3,2026,sti,0
doi:10.1038/s44360-026-00080-7,South Africa,ZAF,Africa,1,2026,sti,0
doi:10.1111/camh.70112,Singapore,SGP,Southeast Asia,26,2026,rti,1
doi:10.1016/j.jhin.2026.03.009,Singapore,SGP,Southeast Asia,14,2026,amr_hai,1
doi:10.1016/j.jhin.2026.03.009,United States,USA,North America,1,2026,amr_hai,0
doi:10.1080/17441692.2026.2700817,Australia,AUS,Oceania,3,2026,rti,0
doi:10.1016/j.isci.2026.116736,Singapore,SGP,Southeast Asia,9,2026,rti,1
doi:10.1016/j.isci.2026.116736,United States,USA,North America,1,2026,rti,0
doi:10.1093/ofid/ofag317,Singapore,SGP,Southeast Asia,8,2026,rti,1
doi:10.1093/ofid/ofag317,United States,USA,North America,10,2026,rti,0
doi:10.1093/ofid/ofag317,New Zealand,NZL,Oceania,2,2026,rti,0
doi:10.1093/ofid/ofag317,Tanzania,TZA,Africa,19,2026,rti,0
doi:10.1128/aac.00388-25,United States,USA,North America,26,2026,amr_hai,0
doi:10.1128/aac.00388-25,Colombia,COL,Latin America,4,2026,amr_hai,0
doi:10.1128/aac.00388-25,Australia,AUS,Oceania,2,2026,amr_hai,0
doi:10.1128/aac.00388-25,Chile,CHL,Latin America,2,2026,amr_hai,0
doi:10.1128/aac.00388-25,Argentina,ARG,Latin America,1,2026,amr_hai,0
doi:10.1128/aac.00388-25,Singapore,SGP,Southeast Asia,1,2026,amr_hai,1
doi:10.3389/fmicb.2026.1866307,China,CHN,East Asia,4,2026,vector_borne,0
doi:10.3389/fmicb.2026.1866307,Singapore,SGP,Southeast Asia,1,2026,vector_borne,1
doi:10.1016/j.jhin.2026.08.021,China,CHN,East Asia,1,2026,amr_hai,0
doi:10.1016/j.jhin.2026.08.021,Germany,DEU,Europe,2,2026,amr_hai,0
doi:10.1016/j.jhin.2026.08.021,Malaysia,MYS,Southeast Asia,1,2026,amr_hai,0
doi:10.1136/bcr-2025-271896,Singapore,SGP,Southeast Asia,4,2026,vector_borne,1
doi:10.1038/s41467-026-75746-7,China,CHN,East Asia,17,2026,other_id,0
doi:10.1038/s41467-026-75746-7,Singapore,SGP,Southeast Asia,1,2026,other_id,1
doi:10.1038/s41467-026-74190-x,United Kingdom,GBR,Europe,22,2026,rti,0
doi:10.1038/s41467-026-74190-x,Belgium,BEL,Europe,10,2026,rti,0
doi:10.1038/s41467-026-74190-x,Singapore,SGP,Southeast Asia,1,2026,rti,1
doi:10.1038/s41467-026-74190-x,China,CHN,East Asia,1,2026,rti,0
doi:10.1016/j.ijid.2026.108533,Singapore,SGP,Southeast Asia,11,2026,tb,1
doi:10.1183/13993003.00989-2026,Italy,ITA,Europe,8,2026,tb,0
doi:10.1183/13993003.00989-2026,Ethiopia,ETH,Africa,1,2026,tb,0
doi:10.1183/13993003.00989-2026,Switzerland,CHE,Europe,1,2026,tb,0
doi:10.1183/13993003.00989-2026,Netherlands,NLD,Europe,3,2026,tb,0
doi:10.1183/13993003.00989-2026,Oman,OMN,Middle East,1,2026,tb,0
doi:10.1183/13993003.00989-2026,Indonesia,IDN,Southeast Asia,1,2026,tb,0
doi:10.1183/13993003.00989-2026,France,FRA,Europe,5,2026,tb,0
doi:10.1183/13993003.00989-2026,Russian Federation,RUS,Europe,1,2026,tb,0
doi:10.1183/13993003.00989-2026,Spain,ESP,Europe,1,2026,tb,0
doi:10.1183/13993003.00989-2026,Pakistan,PAK,South Asia,1,2026,tb,0
doi:10.1183/13993003.00989-2026,China,CHN,East Asia,1,2026,tb,0
doi:10.1183/13993003.00989-2026,Bangladesh,BGD,South Asia,2,2026,tb,0
doi:10.1183/13993003.00989-2026,Mexico,MEX,Latin America,2,2026,tb,0
doi:10.1183/13993003.00989-2026,Singapore,SGP,Southeast Asia,2,2026,tb,1
doi:10.1183/13993003.00989-2026,India,IND,South Asia,1,2026,tb,0
doi:10.1183/13993003.00989-2026,Belgium,BEL,Europe,1,2026,tb,0
doi:10.1183/13993003.00989-2026,Denmark,DNK,Europe,2,2026,tb,0
doi:10.1183/13993003.00989-2026,United Kingdom,GBR,Europe,3,2026,tb,0
doi:10.1183/13993003.00989-2026,Brazil,BRA,Latin America,1,2026,tb,0
doi:10.1183/13993003.00989-2026,United States,USA,North America,1,2026,tb,0
doi:10.1183/13993003.00989-2026,Philippines,PHL,Southeast Asia,1,2026,tb,0
doi:10.1038/s41371-026-01194-x,Canada,CAN,North America,1,2026,rti,0
doi:10.1038/s41371-026-01194-x,Egypt,EGY,Africa,1,2026,rti,0
doi:10.1038/s41371-026-01194-x,Singapore,SGP,Southeast Asia,1,2026,rti,1
doi:10.1016/j.transci.2026.104429,India,IND,South Asia,3,2026,sti,0
doi:10.1016/j.transci.2026.104429,Singapore,SGP,Southeast Asia,2,2026,sti,1
doi:10.3390/antibiotics15050423,United States,USA,North America,2,2026,amr_hai,0
doi:10.3390/antibiotics15050423,Spain,ESP,Europe,1,2026,amr_hai,0
doi:10.3390/antibiotics15050423,Austria,AUT,Europe,1,2026,amr_hai,0
doi:10.3390/antibiotics15050423,Germany,DEU,Europe,1,2026,amr_hai,0
doi:10.3390/antibiotics15050423,United Kingdom,GBR,Europe,2,2026,amr_hai,0
doi:10.3390/antibiotics15050423,Singapore,SGP,Southeast Asia,1,2026,amr_hai,1
doi:10.1016/j.watres.2026.126336,Singapore,SGP,Southeast Asia,4,2026,amr_hai,1
doi:10.1186/s12889-026-27217-3,China,CHN,East Asia,5,2026,sti,0
doi:10.1186/s12889-026-27217-3,Singapore,SGP,Southeast Asia,1,2026,sti,1
doi:10.1177/00494755261479116,Singapore,SGP,Southeast Asia,3,2026,vector_borne,1
doi:10.3389/fimmu.2026.1841974,China,CHN,East Asia,12,2026,rti,0
doi:10.3389/fimmu.2026.1841974,Singapore,SGP,Southeast Asia,1,2026,rti,1
doi:10.4269/ajtmh.26-0159,Singapore,SGP,Southeast Asia,4,2026,vector_borne,1
doi:10.1002/resp.70302,Singapore,SGP,Southeast Asia,5,2026,rti,1
doi:10.5527/wjn.v15.i2.118214,Singapore,SGP,Southeast Asia,3,2026,rti,1
doi:10.1016/j.drugpo.2026.105306,United States,USA,North America,4,2026,sti,0
doi:10.1016/j.drugpo.2026.105306,China,CHN,East Asia,2,2026,sti,0
doi:10.1016/j.drugpo.2026.105306,Singapore,SGP,Southeast Asia,1,2026,sti,1
doi:10.1007/s10461-026-05097-3,Singapore,SGP,Southeast Asia,26,2026,sti,1
doi:10.1183/13993003.00858-2026,Japan,JPN,East Asia,3,2026,tb,0
doi:10.1183/13993003.00858-2026,Singapore,SGP,Southeast Asia,3,2026,tb,1
doi:10.1183/13993003.00858-2026,Ireland,IRL,Europe,1,2026,tb,0
doi:10.1183/13993003.00858-2026,Cambodia,KHM,Southeast Asia,4,2026,tb,0
doi:10.1183/13993003.00858-2026,Australia,AUS,Oceania,4,2026,tb,0
doi:10.1183/13993003.00858-2026,South Africa,ZAF,Africa,1,2026,tb,0
doi:10.1183/13993003.00858-2026,Namibia,NAM,Africa,1,2026,tb,0
doi:10.1183/13993003.00858-2026,United States,USA,North America,1,2026,tb,0
doi:10.1136/bmjph-2025-004042,Singapore,SGP,Southeast Asia,9,2026,sti,1
doi:10.1136/bmjph-2025-004042,Japan,JPN,East Asia,1,2026,sti,0
doi:10.1136/bmjph-2025-004042,United Kingdom,GBR,Europe,1,2026,sti,0
doi:10.25259/ijpc_285_2025,India,IND,South Asia,8,2026,rti,0
doi:10.25259/ijpc_285_2025,Singapore,SGP,Southeast Asia,1,2026,rti,1
doi:10.25259/ijpc_285_2025,United States,USA,North America,1,2026,rti,0
doi:10.1016/j.vaccine.2026.128983,Singapore,SGP,Southeast Asia,17,2026,rti,1
doi:10.1016/j.eclinm.2026.103871,Switzerland,CHE,Europe,6,2026,vector_borne,0
doi:10.1016/j.eclinm.2026.103871,United Kingdom,GBR,Europe,6,2026,vector_borne,0
doi:10.1016/j.eclinm.2026.103871,India,IND,South Asia,3,2026,vector_borne,0
doi:10.1016/j.eclinm.2026.103871,Qatar,QAT,Middle East,1,2026,vector_borne,0
doi:10.1016/j.eclinm.2026.103871,Saudi Arabia,SAU,Middle East,1,2026,vector_borne,0
doi:10.1016/j.eclinm.2026.103871,Germany,DEU,Europe,2,2026,vector_borne,0
doi:10.1016/j.eclinm.2026.103871,United States,USA,North America,9,2026,vector_borne,0
doi:10.1016/j.eclinm.2026.103871,Australia,AUS,Oceania,1,2026,vector_borne,0
doi:10.1016/j.eclinm.2026.103871,Cuba,CUB,Latin America,1,2026,vector_borne,0
doi:10.1016/j.eclinm.2026.103871,South Africa,ZAF,Africa,3,2026,vector_borne,0
doi:10.1016/j.eclinm.2026.103871,Brazil,BRA,Latin America,4,2026,vector_borne,0
doi:10.1016/j.eclinm.2026.103871,Nigeria,NGA,Africa,1,2026,vector_borne,0
doi:10.1016/j.eclinm.2026.103871,China,CHN,East Asia,2,2026,vector_borne,0
doi:10.1016/j.eclinm.2026.103871,Canada,CAN,North America,2,2026,vector_borne,0
doi:10.1016/j.eclinm.2026.103871,Netherlands,NLD,Europe,2,2026,vector_borne,0
doi:10.1016/j.eclinm.2026.103871,Singapore,SGP,Southeast Asia,2,2026,vector_borne,1
doi:10.1016/j.eclinm.2026.103871,Democratic Republic of the Congo,COD,Africa,1,2026,vector_borne,0
doi:10.1016/j.eclinm.2026.103871,Lebanon,LBN,Middle East,1,2026,vector_borne,0
doi:10.1016/j.eclinm.2026.103871,Bangladesh,BGD,South Asia,1,2026,vector_borne,0
doi:10.1016/j.eclinm.2026.103871,Japan,JPN,East Asia,1,2026,vector_borne,0
doi:10.1097/qai.0000000000003874,United States,USA,North America,1,2026,sti,0
doi:10.1097/qai.0000000000003874,Tanzania,TZA,Africa,9,2026,sti,0
doi:10.1097/qai.0000000000003874,Singapore,SGP,Southeast Asia,1,2026,sti,1
doi:10.1016/j.jconrel.2026.115136,Singapore,SGP,Southeast Asia,12,2026,rti,1
doi:10.1016/j.mimet.2026.107668,Czechia,CZE,Europe,5,2026,rti,0
doi:10.1016/j.mimet.2026.107668,Singapore,SGP,Southeast Asia,1,2026,rti,1
doi:10.1016/j.mimet.2026.107668,Austria,AUT,Europe,1,2026,rti,0
doi:10.1016/j.mimet.2026.107668,Philippines,PHL,Southeast Asia,1,2026,rti,0
doi:10.1128/jvi.00540-26,Japan,JPN,East Asia,19,2026,rti,0
doi:10.1128/jvi.00540-26,Zambia,ZMB,Africa,6,2026,rti,0
doi:10.1128/jvi.00540-26,Singapore,SGP,Southeast Asia,1,2026,rti,1
doi:10.1016/j.jinf.2026.106765,Netherlands,NLD,Europe,12,2026,amr_hai,0
doi:10.1016/j.jinf.2026.106765,United Kingdom,GBR,Europe,5,2026,amr_hai,0
doi:10.1016/j.jinf.2026.106765,Germany,DEU,Europe,1,2026,amr_hai,0
doi:10.1016/j.jinf.2026.106765,India,IND,South Asia,2,2026,amr_hai,0
doi:10.1016/j.jinf.2026.106765,Australia,AUS,Oceania,1,2026,amr_hai,0
doi:10.1016/j.jinf.2026.106765,Singapore,SGP,Southeast Asia,3,2026,amr_hai,1
doi:10.3389/fpubh.2026.1838184,United States,USA,North America,2,2026,rti,0
doi:10.3389/fpubh.2026.1838184,Germany,DEU,Europe,2,2026,rti,0
doi:10.3389/fpubh.2026.1838184,United Kingdom,GBR,Europe,1,2026,rti,0
doi:10.3389/fpubh.2026.1838184,Switzerland,CHE,Europe,3,2026,rti,0
doi:10.3389/fpubh.2026.1838184,Denmark,DNK,Europe,2,2026,rti,0
doi:10.3389/fpubh.2026.1838184,Türkiye,TUR,Europe,1,2026,rti,0
doi:10.3389/fpubh.2026.1838184,Singapore,SGP,Southeast Asia,1,2026,rti,1
doi:10.1007/s13555-026-01809-8,China,CHN,East Asia,1,2026,tb,0
doi:10.1007/s13555-026-01809-8,Republic of Korea,KOR,East Asia,1,2026,tb,0
doi:10.1007/s13555-026-01809-8,Singapore,SGP,Southeast Asia,1,2026,tb,1
doi:10.1007/s13555-026-01809-8,Japan,JPN,East Asia,1,2026,tb,0
doi:10.1016/j.pedneo.2026.04.010,Singapore,SGP,Southeast Asia,11,2026,rti,1
doi:10.1371/journal.pntd.0014318,Thailand,THA,Southeast Asia,9,2026,vector_borne,0
doi:10.1371/journal.pntd.0014318,United Kingdom,GBR,Europe,10,2026,vector_borne,0
doi:10.1371/journal.pntd.0014318,Singapore,SGP,Southeast Asia,1,2026,vector_borne,1
doi:10.12968/jowc.2023.0112,Singapore,SGP,Southeast Asia,5,2026,amr_hai,1
doi:10.1038/s41467-026-74032-w,China,CHN,East Asia,25,2026,tb,0
doi:10.1038/s41467-026-74032-w,Singapore,SGP,Southeast Asia,2,2026,tb,1
doi:10.1038/s41467-026-74032-w,Sweden,SWE,Europe,2,2026,tb,0
doi:10.1021/acsinfecdis.6c00309,Singapore,SGP,Southeast Asia,6,2026,amr_hai,1
doi:10.1021/acsinfecdis.6c00309,United Kingdom,GBR,Europe,1,2026,amr_hai,0
doi:10.1128/spectrum.03669-25,Singapore,SGP,Southeast Asia,6,2026,vector_borne,1
doi:10.1128/spectrum.03669-25,India,IND,South Asia,2,2026,vector_borne,0
doi:10.1128/spectrum.03669-25,Bangladesh,BGD,South Asia,1,2026,vector_borne,0
doi:10.1038/s41541-026-01519-4,Singapore,SGP,Southeast Asia,3,2026,vector_borne,1
doi:10.1038/s41541-026-01519-4,United Kingdom,GBR,Europe,1,2026,vector_borne,0
doi:10.1038/s41541-026-01519-4,Finland,FIN,Europe,1,2026,vector_borne,0
doi:10.1038/s41467-026-75524-5,Singapore,SGP,Southeast Asia,23,2026,amr_hai,1
doi:10.1038/s41467-026-75524-5,Viet Nam,VNM,Southeast Asia,1,2026,amr_hai,0
doi:10.1038/s41467-026-75524-5,United Kingdom,GBR,Europe,1,2026,amr_hai,0
doi:10.1186/s12879-026-13489-y,Singapore,SGP,Southeast Asia,10,2026,tb,1
doi:10.1016/j.biomaterials.2026.124421,China,CHN,East Asia,12,2026,amr_hai,0
doi:10.1016/j.biomaterials.2026.124421,Singapore,SGP,Southeast Asia,2,2026,amr_hai,1
doi:10.1007/s00604-026-08340-9,India,IND,South Asia,9,2026,sti,0
doi:10.1007/s00604-026-08340-9,Singapore,SGP,Southeast Asia,1,2026,sti,1
doi:10.1186/s12909-026-09775-7,Singapore,SGP,Southeast Asia,4,2026,vector_borne,1
doi:10.1186/s12909-026-09775-7,China,CHN,East Asia,1,2026,vector_borne,0
doi:10.1186/s13073-026-01655-5,Singapore,SGP,Southeast Asia,42,2026,amr_hai,1
doi:10.1186/s13073-026-01655-5,Finland,FIN,Europe,2,2026,amr_hai,0
doi:10.1186/s13073-026-01655-5,United Kingdom,GBR,Europe,1,2026,amr_hai,0
doi:10.1186/s13073-026-01655-5,Netherlands,NLD,Europe,1,2026,amr_hai,0
doi:10.1186/s13073-026-01655-5,Ireland,IRL,Europe,1,2026,amr_hai,0
doi:10.1093/jpids/piag032,United States,USA,North America,5,2026,tb,0
doi:10.1093/jpids/piag032,Singapore,SGP,Southeast Asia,2,2026,tb,1
doi:10.1093/jpids/piag032,Bangladesh,BGD,South Asia,1,2026,tb,0
doi:10.64898/2026.05.07.723652,Singapore,SGP,Southeast Asia,6,2026,other_id,1
doi:10.64898/2026.05.07.723652,United States,USA,North America,1,2026,other_id,0
doi:10.1038/s41467-026-76156-5,United States,USA,North America,9,2026,rti,0
doi:10.1038/s41467-026-76156-5,China,CHN,East Asia,1,2026,rti,0
doi:10.1038/s41467-026-76156-5,Singapore,SGP,Southeast Asia,1,2026,rti,1
doi:10.1038/s41467-026-74526-7,Singapore,SGP,Southeast Asia,10,2026,rti,1
doi:10.1038/s41467-026-74526-7,United States,USA,North America,4,2026,rti,0
doi:10.1016/j.bj.2026.101033,Taiwan,TWN,East Asia,14,2026,amr_hai,0
doi:10.1016/j.bj.2026.101033,Singapore,SGP,Southeast Asia,1,2026,amr_hai,1
doi:10.1016/j.vaccine.2026.128513,Australia,AUS,Oceania,4,2026,sti,0
doi:10.1016/j.vaccine.2026.128513,Singapore,SGP,Southeast Asia,2,2026,sti,1
doi:10.1039/d6tb01365a,Singapore,SGP,Southeast Asia,5,2026,amr_hai,1
doi:10.1016/j.ijbiomac.2026.153475,Singapore,SGP,Southeast Asia,3,2026,amr_hai,1
doi:10.1177/10872914261423775,Malaysia,MYS,Southeast Asia,11,2026,sti,0
doi:10.1177/10872914261423775,Singapore,SGP,Southeast Asia,1,2026,sti,1
doi:10.1177/10872914261423775,United States,USA,North America,1,2026,sti,0
doi:10.1177/10872914261423775,Thailand,THA,Southeast Asia,1,2026,sti,0
doi:10.1016/j.ijid.2026.109062,Singapore,SGP,Southeast Asia,7,2026,rti,1
doi:10.1016/j.ijid.2026.109062,New Zealand,NZL,Oceania,1,2026,rti,0
doi:10.1016/j.ijid.2026.109062,Netherlands,NLD,Europe,1,2026,rti,0
doi:10.1016/j.mmcr.2026.100815,Singapore,SGP,Southeast Asia,7,2026,rti,1
doi:10.1111/jcmm.71143,Romania,ROU,Europe,29,2026,sti,0
doi:10.1111/jcmm.71143,Botswana,BWA,Africa,8,2026,sti,0
doi:10.1111/jcmm.71143,Spain,ESP,Europe,1,2026,sti,0
doi:10.1111/jcmm.71143,Rwanda,RWA,Africa,1,2026,sti,0
doi:10.1111/jcmm.71143,Singapore,SGP,Southeast Asia,1,2026,sti,1
doi:10.1111/jcmm.71143,United States,USA,North America,1,2026,sti,0
doi:10.1007/s00210-026-05627-9,India,IND,South Asia,5,2026,amr_hai,0
doi:10.1007/s00210-026-05627-9,Singapore,SGP,Southeast Asia,1,2026,amr_hai,1
doi:10.1016/j.ijbiomac.2026.153190,Taiwan,TWN,East Asia,18,2026,amr_hai,0
doi:10.1016/j.ijbiomac.2026.153190,Singapore,SGP,Southeast Asia,1,2026,amr_hai,1
doi:10.1128/aac.01561-25,United Kingdom,GBR,Europe,7,2026,vector_borne,0
doi:10.1128/aac.01561-25,Singapore,SGP,Southeast Asia,2,2026,vector_borne,1
doi:10.1016/j.ebiom.2026.106290,Singapore,SGP,Southeast Asia,28,2026,vector_borne,1
doi:10.1016/j.eclinm.2026.104163,United Kingdom,GBR,Europe,5,2026,rti,0
doi:10.1016/j.eclinm.2026.104163,Singapore,SGP,Southeast Asia,3,2026,rti,1
doi:10.1016/j.eclinm.2026.104163,Japan,JPN,East Asia,5,2026,rti,0
doi:10.1016/j.eclinm.2026.104163,Australia,AUS,Oceania,4,2026,rti,0
doi:10.1016/j.eclinm.2026.104163,New Zealand,NZL,Oceania,1,2026,rti,0
doi:10.1016/j.eclinm.2026.104163,Malaysia,MYS,Southeast Asia,1,2026,rti,0
doi:10.1016/j.eclinm.2026.104163,Italy,ITA,Europe,2,2026,rti,0
doi:10.1016/j.eclinm.2026.104163,China,CHN,East Asia,1,2026,rti,0
doi:10.1002/jmv.70892,Côte d'Ivoire,CIV,Africa,3,2026,sti,0
doi:10.1002/jmv.70892,Singapore,SGP,Southeast Asia,1,2026,sti,1
doi:10.1002/jmv.70892,Spain,ESP,Europe,2,2026,sti,0
doi:10.1097/bot.0000000000003199,United States,USA,North America,2,2026,amr_hai,0
doi:10.1097/bot.0000000000003199,Singapore,SGP,Southeast Asia,1,2026,amr_hai,1
doi:10.47102/annals-acadmedsg.2025321,Singapore,SGP,Southeast Asia,7,2026,tb,1
doi:10.1017/ash.2025.10149,Singapore,SGP,Southeast Asia,18,2026,amr_hai,1
doi:10.3390/pathogens15040437,Singapore,SGP,Southeast Asia,12,2026,vector_borne,1
doi:10.1128/spectrum.01571-26,Thailand,THA,Southeast Asia,6,2026,amr_hai,0
doi:10.1128/spectrum.01571-26,Singapore,SGP,Southeast Asia,1,2026,amr_hai,1
doi:10.1016/j.jhin.2026.08.011,Singapore,SGP,Southeast Asia,4,2026,amr_hai,1
doi:10.4103/singaporemedj.smj-2025-222,Singapore,SGP,Southeast Asia,49,2026,rti,1
doi:10.1126/sciimmunol.adz5647,Singapore,SGP,Southeast Asia,5,2026,vector_borne,1
doi:10.1126/sciimmunol.adz5647,United States,USA,North America,2,2026,vector_borne,0
doi:10.1371/journal.pgph.0006971,United States,USA,North America,5,2026,tb,0
doi:10.1371/journal.pgph.0006971,Singapore,SGP,Southeast Asia,3,2026,tb,1
doi:10.1371/journal.pgph.0006971,Bangladesh,BGD,South Asia,5,2026,tb,0
doi:10.1371/journal.pgph.0006971,Switzerland,CHE,Europe,2,2026,tb,0
doi:10.1093/jimmun/vkag189,United Kingdom,GBR,Europe,18,2026,rti,0
doi:10.1093/jimmun/vkag189,Singapore,SGP,Southeast Asia,1,2026,rti,1
doi:10.3390/antibiotics15070671,Singapore,SGP,Southeast Asia,4,2026,amr_hai,1
doi:10.1080/21505594.2026.2711530,Malaysia,MYS,Southeast Asia,2,2026,vector_borne,0
doi:10.1080/21505594.2026.2711530,Singapore,SGP,Southeast Asia,4,2026,vector_borne,1
doi:10.1001/jamadermatol.2026.0308,Singapore,SGP,Southeast Asia,22,2026,sti,1
doi:10.1038/s44528-026-00009-2,United States,USA,North America,8,2026,rti,0
doi:10.1038/s44528-026-00009-2,United Kingdom,GBR,Europe,13,2026,rti,0
doi:10.1038/s44528-026-00009-2,Tunisia,TUN,Africa,3,2026,rti,0
doi:10.1038/s44528-026-00009-2,Singapore,SGP,Southeast Asia,3,2026,rti,1
doi:10.1038/s44528-026-00009-2,Indonesia,IDN,Southeast Asia,1,2026,rti,0
doi:10.1038/s44528-026-00009-2,Netherlands,NLD,Europe,1,2026,rti,0
doi:10.1038/s44528-026-00009-2,China,CHN,East Asia,5,2026,rti,0
doi:10.1038/s44528-026-00009-2,Australia,AUS,Oceania,3,2026,rti,0
doi:10.1038/s44528-026-00009-2,Kenya,KEN,Africa,1,2026,rti,0
doi:10.1038/s44528-026-00009-2,Thailand,THA,Southeast Asia,1,2026,rti,0
doi:10.1038/s44528-026-00009-2,New Zealand,NZL,Oceania,2,2026,rti,0
doi:10.1016/j.idm.2026.03.002,Thailand,THA,Southeast Asia,4,2026,sti,0
doi:10.1016/j.idm.2026.03.002,Singapore,SGP,Southeast Asia,3,2026,sti,1
doi:10.1016/j.idm.2026.03.002,Japan,JPN,East Asia,1,2026,sti,0
doi:10.1016/j.idm.2026.03.002,United Kingdom,GBR,Europe,1,2026,sti,0
doi:10.1016/j.ijid.2026.108545,Singapore,SGP,Southeast Asia,6,2026,tb,1
doi:10.1016/j.mib.2026.102764,Singapore,SGP,Southeast Asia,2,2026,amr_hai,1
doi:10.1093/infdis/jiag290,India,IND,South Asia,9,2026,vector_borne,0
doi:10.1093/infdis/jiag290,Singapore,SGP,Southeast Asia,3,2026,vector_borne,1
doi:10.1016/j.ssmmh.2026.100615,United States,USA,North America,6,2026,sti,0
doi:10.1016/j.ssmmh.2026.100615,Singapore,SGP,Southeast Asia,1,2026,sti,1
doi:10.1099/mgen.0.001745,United Kingdom,GBR,Europe,5,2026,amr_hai,0
doi:10.1099/mgen.0.001745,France,FRA,Europe,1,2026,amr_hai,0
doi:10.1099/mgen.0.001745,Singapore,SGP,Southeast Asia,4,2026,amr_hai,1
doi:10.1099/mgen.0.001745,Denmark,DNK,Europe,2,2026,amr_hai,0
doi:10.1099/mgen.0.001745,Thailand,THA,Southeast Asia,1,2026,amr_hai,0
doi:10.1099/mgen.0.001745,Malaysia,MYS,Southeast Asia,1,2026,amr_hai,0
doi:10.1099/mgen.0.001745,Viet Nam,VNM,Southeast Asia,1,2026,amr_hai,0
doi:10.1099/mgen.0.001745,Brazil,BRA,Latin America,3,2026,amr_hai,0
doi:10.1099/mgen.0.001745,Italy,ITA,Europe,2,2026,amr_hai,0
doi:10.1099/mgen.0.001745,Australia,AUS,Oceania,2,2026,amr_hai,0
doi:10.1177/20584601261418668,Singapore,SGP,Southeast Asia,5,2026,tb,1
doi:10.1371/journal.ppat.1014287,South Africa,ZAF,Africa,5,2026,vector_borne,0
doi:10.1371/journal.ppat.1014287,France,FRA,Europe,7,2026,vector_borne,0
doi:10.1371/journal.ppat.1014287,United Kingdom,GBR,Europe,3,2026,vector_borne,0
doi:10.1371/journal.ppat.1014287,Singapore,SGP,Southeast Asia,2,2026,vector_borne,1
doi:10.1371/journal.pcbi.1014355,Singapore,SGP,Southeast Asia,8,2026,vector_borne,1
doi:10.1371/journal.pcbi.1014355,United States,USA,North America,1,2026,vector_borne,0
doi:10.3389/fcimb.2026.1847443,China,CHN,East Asia,14,2026,tb,0
doi:10.3389/fcimb.2026.1847443,Singapore,SGP,Southeast Asia,1,2026,tb,1
doi:10.3389/fcimb.2026.1847443,Pakistan,PAK,South Asia,3,2026,tb,0
doi:10.3389/fcimb.2026.1847443,Canada,CAN,North America,1,2026,tb,0
doi:10.3390/v18030283,United Kingdom,GBR,Europe,2,2026,sti,0
doi:10.3390/v18030283,Singapore,SGP,Southeast Asia,4,2026,sti,1
doi:10.1039/d6ra04008j,Saudi Arabia,SAU,Middle East,4,2026,other_id,0
doi:10.1039/d6ra04008j,South Africa,ZAF,Africa,1,2026,other_id,0
doi:10.1039/d6ra04008j,Singapore,SGP,Southeast Asia,1,2026,other_id,1
doi:10.1039/d6ra04008j,China,CHN,East Asia,1,2026,other_id,0
doi:10.1128/mbio.01474-26,Singapore,SGP,Southeast Asia,12,2026,other_id,1
doi:10.1128/mbio.01474-26,Switzerland,CHE,Europe,3,2026,other_id,0
doi:10.1128/mbio.01474-26,United States,USA,North America,5,2026,other_id,0
doi:10.1128/mbio.01474-26,Poland,POL,Europe,1,2026,other_id,0
doi:10.1016/j.jhin.2026.03.037,Australia,AUS,Oceania,9,2026,amr_hai,0
doi:10.1016/j.jhin.2026.03.037,New Zealand,NZL,Oceania,1,2026,amr_hai,0
doi:10.1016/j.jhin.2026.03.037,Singapore,SGP,Southeast Asia,3,2026,amr_hai,1
doi:10.1002/jmv.71078,Brazil,BRA,Latin America,19,2026,vector_borne,0
doi:10.1002/jmv.71078,Singapore,SGP,Southeast Asia,2,2026,vector_borne,1
doi:10.1186/s13073-026-01670-6,Australia,AUS,Oceania,3,2026,tb,0
doi:10.1186/s13073-026-01670-6,Singapore,SGP,Southeast Asia,20,2026,tb,1
doi:10.1186/s13073-026-01670-6,Viet Nam,VNM,Southeast Asia,4,2026,tb,0
doi:10.1186/s13073-026-01670-6,United Kingdom,GBR,Europe,2,2026,tb,0
doi:10.1186/s13073-026-01670-6,United States,USA,North America,3,2026,tb,0
doi:10.1186/s13073-026-01670-6,Nepal,NPL,South Asia,1,2026,tb,0
doi:10.1016/j.fm.2026.105164,Singapore,SGP,Southeast Asia,8,2026,amr_hai,1
doi:10.1016/j.fm.2026.105164,China,CHN,East Asia,1,2026,amr_hai,0
doi:10.1016/j.lanwpc.2026.101874,China,CHN,East Asia,4,2026,sti,0
doi:10.1016/j.lanwpc.2026.101874,United States,USA,North America,2,2026,sti,0
doi:10.1016/j.lanwpc.2026.101874,Singapore,SGP,Southeast Asia,1,2026,sti,1
doi:10.1002/jcop.70120,Singapore,SGP,Southeast Asia,8,2026,sti,1
doi:10.1002/jcop.70120,Canada,CAN,North America,1,2026,sti,0
doi:10.1093/cid/ciag347,Singapore,SGP,Southeast Asia,3,2026,amr_hai,1
doi:10.1093/cid/ciag347,India,IND,South Asia,1,2026,amr_hai,0
doi:10.1016/j.ijpara.2026.104892,Japan,JPN,East Asia,11,2026,vector_borne,0
doi:10.1016/j.ijpara.2026.104892,Singapore,SGP,Southeast Asia,6,2026,vector_borne,1
doi:10.1016/j.ijpara.2026.104892,France,FRA,Europe,1,2026,vector_borne,0
doi:10.1016/j.ijpara.2026.104892,Thailand,THA,Southeast Asia,6,2026,vector_borne,0
doi:10.1016/j.ijpara.2026.104892,United States,USA,North America,1,2026,vector_borne,0
doi:10.1016/j.ijpara.2026.104892,New Zealand,NZL,Oceania,1,2026,vector_borne,0
doi:10.1016/j.ijid.2026.109084,Brazil,BRA,Latin America,11,2026,vector_borne,0
doi:10.1016/j.ijid.2026.109084,Singapore,SGP,Southeast Asia,2,2026,vector_borne,1
doi:10.1186/s12889-026-28672-8,United Kingdom,GBR,Europe,5,2026,other_id,0
doi:10.1186/s12889-026-28672-8,Nepal,NPL,South Asia,2,2026,other_id,0
doi:10.1186/s12889-026-28672-8,Singapore,SGP,Southeast Asia,1,2026,other_id,1
doi:10.3389/fpubh.2026.1785244,Singapore,SGP,Southeast Asia,5,2026,rti,1
doi:10.4103/singaporemedj.smj-2026-181,Singapore,SGP,Southeast Asia,1,2026,rti,1
doi:10.4103/singaporemedj.smj-2026-182,Singapore,SGP,Southeast Asia,1,2026,rti,1
doi:10.1016/j.oret.2026.06.023,United Arab Emirates,ARE,Middle East,1,2026,tb,0
doi:10.1016/j.oret.2026.06.023,India,IND,South Asia,3,2026,tb,0
doi:10.1016/j.oret.2026.06.023,Egypt,EGY,Africa,2,2026,tb,0
doi:10.1016/j.oret.2026.06.023,Italy,ITA,Europe,1,2026,tb,0
doi:10.1016/j.oret.2026.06.023,Australia,AUS,Oceania,1,2026,tb,0
doi:10.1016/j.oret.2026.06.023,Indonesia,IDN,Southeast Asia,1,2026,tb,0
doi:10.1016/j.oret.2026.06.023,Netherlands,NLD,Europe,1,2026,tb,0
doi:10.1016/j.oret.2026.06.023,Singapore,SGP,Southeast Asia,5,2026,tb,1
doi:10.1016/j.oret.2026.06.023,United States,USA,North America,4,2026,tb,0
doi:10.1016/j.oret.2026.06.023,Switzerland,CHE,Europe,1,2026,tb,0
doi:10.1016/j.oret.2026.06.023,Belgium,BEL,Europe,1,2026,tb,0
doi:10.3390/ijms27125573,United Kingdom,GBR,Europe,13,2026,amr_hai,0
doi:10.3390/ijms27125573,Saudi Arabia,SAU,Middle East,1,2026,amr_hai,0
doi:10.3390/ijms27125573,Singapore,SGP,Southeast Asia,7,2026,amr_hai,1
doi:10.1093/jac/dkag263,Australia,AUS,Oceania,4,2026,amr_hai,0
doi:10.1093/jac/dkag263,Singapore,SGP,Southeast Asia,5,2026,amr_hai,1
doi:10.1093/jac/dkag263,United Kingdom,GBR,Europe,1,2026,amr_hai,0
doi:10.1093/jac/dkag263,Thailand,THA,Southeast Asia,1,2026,amr_hai,0
doi:10.1186/s12889-026-26441-1,China,CHN,East Asia,23,2026,sti,0
doi:10.1186/s12889-026-26441-1,United States,USA,North America,3,2026,sti,0
doi:10.1186/s12889-026-26441-1,Singapore,SGP,Southeast Asia,1,2026,sti,1
doi:10.1186/s12889-026-26441-1,United Kingdom,GBR,Europe,1,2026,sti,0
doi:10.1016/j.urolonc.2026.111091,Singapore,SGP,Southeast Asia,10,2026,tb,1
doi:10.1016/j.urolonc.2026.111091,United Kingdom,GBR,Europe,1,2026,tb,0
doi:10.1016/j.urolonc.2026.111091,Hong Kong SAR,HKG,East Asia,1,2026,tb,0
doi:10.1007/s11673-026-10573-5,Germany,DEU,Europe,5,2026,rti,0
doi:10.1007/s11673-026-10573-5,Singapore,SGP,Southeast Asia,1,2026,rti,1
doi:10.3390/tropicalmed11070184,Malaysia,MYS,Southeast Asia,8,2026,vector_borne,0
doi:10.3390/tropicalmed11070184,Philippines,PHL,Southeast Asia,1,2026,vector_borne,0
doi:10.3390/tropicalmed11070184,Thailand,THA,Southeast Asia,2,2026,vector_borne,0
doi:10.3390/tropicalmed11070184,Ethiopia,ETH,Africa,1,2026,vector_borne,0
doi:10.3390/tropicalmed11070184,Singapore,SGP,Southeast Asia,1,2026,vector_borne,1
doi:10.1093/aje/kwag024,United States,USA,North America,15,2026,tb,0
doi:10.1093/aje/kwag024,United Kingdom,GBR,Europe,2,2026,tb,0
doi:10.1093/aje/kwag024,Pakistan,PAK,South Asia,4,2026,tb,0
doi:10.1093/aje/kwag024,France,FRA,Europe,4,2026,tb,0
doi:10.1093/aje/kwag024,Italy,ITA,Europe,1,2026,tb,0
doi:10.1093/aje/kwag024,Singapore,SGP,Southeast Asia,1,2026,tb,1
doi:10.1093/aje/kwag024,Canada,CAN,North America,1,2026,tb,0
doi:10.1371/journal.pntd.0014222,Taiwan,TWN,East Asia,14,2026,vector_borne,0
doi:10.1371/journal.pntd.0014222,Singapore,SGP,Southeast Asia,7,2026,vector_borne,1
doi:10.3892/br.2026.2154,Thailand,THA,Southeast Asia,15,2026,other_id,0
doi:10.3892/br.2026.2154,Singapore,SGP,Southeast Asia,1,2026,other_id,1
doi:10.1016/j.ajcnut.2026.101488,Singapore,SGP,Southeast Asia,2,2026,tb,1
doi:10.3390/v18050485,United States,USA,North America,4,2026,other_id,0
doi:10.3390/v18050485,Singapore,SGP,Southeast Asia,1,2026,other_id,1
doi:10.1093/jpids/piag047,Singapore,SGP,Southeast Asia,37,2026,amr_hai,1
doi:10.1002/advs.75061,China,CHN,East Asia,18,2026,amr_hai,0
doi:10.1002/advs.75061,Singapore,SGP,Southeast Asia,2,2026,amr_hai,1
doi:10.1002/advs.75061,United Kingdom,GBR,Europe,1,2026,amr_hai,0
doi:10.1002/advs.75061,United States,USA,North America,1,2026,amr_hai,0
doi:10.1016/j.xcrm.2026.102714,China,CHN,East Asia,15,2026,amr_hai,0
doi:10.1016/j.xcrm.2026.102714,Singapore,SGP,Southeast Asia,2,2026,amr_hai,1
doi:10.3389/fpubh.2026.1857629,China,CHN,East Asia,12,2026,sti,0
doi:10.3389/fpubh.2026.1857629,United States,USA,North America,1,2026,sti,0
doi:10.3389/fpubh.2026.1857629,United Kingdom,GBR,Europe,1,2026,sti,0
doi:10.3389/fpubh.2026.1857629,Singapore,SGP,Southeast Asia,2,2026,sti,1
doi:10.1097/md.0000000000047358,Taiwan,TWN,East Asia,10,2026,sti,0
doi:10.1097/md.0000000000047358,Republic of Korea,KOR,East Asia,3,2026,sti,0
doi:10.1097/md.0000000000047358,Singapore,SGP,Southeast Asia,2,2026,sti,1
doi:10.1097/md.0000000000047358,United Kingdom,GBR,Europe,1,2026,sti,0
doi:10.1097/md.0000000000047358,Hong Kong SAR,HKG,East Asia,1,2026,sti,0
doi:10.1016/j.cmi.2026.01.032,Singapore,SGP,Southeast Asia,13,2026,amr_hai,1
doi:10.1016/j.cmi.2026.01.032,Australia,AUS,Oceania,4,2026,amr_hai,0
doi:10.1016/j.lanhl.2026.100870,China,CHN,East Asia,18,2026,rti,0
doi:10.1016/j.lanhl.2026.100870,Singapore,SGP,Southeast Asia,1,2026,rti,1
doi:10.1370/afm.250683,Singapore,SGP,Southeast Asia,13,2026,sti,1
doi:10.1016/j.nedt.2026.107368,Singapore,SGP,Southeast Asia,6,2026,rti,1
doi:10.1016/j.nedt.2026.107368,Australia,AUS,Oceania,1,2026,rti,0
doi:10.1007/s40273-026-01609-0,Australia,AUS,Oceania,22,2026,amr_hai,0
doi:10.1007/s40273-026-01609-0,Singapore,SGP,Southeast Asia,2,2026,amr_hai,1
doi:10.1371/journal.pcbi.1014313,United Kingdom,GBR,Europe,9,2026,sti,0
doi:10.1371/journal.pcbi.1014313,Singapore,SGP,Southeast Asia,1,2026,sti,1
doi:10.1038/s41467-026-71566-x,Australia,AUS,Oceania,12,2026,tb,0
doi:10.1038/s41467-026-71566-x,New Zealand,NZL,Oceania,6,2026,tb,0
doi:10.1038/s41467-026-71566-x,United States,USA,North America,6,2026,tb,0
doi:10.1038/s41467-026-71566-x,Singapore,SGP,Southeast Asia,2,2026,tb,1
doi:10.1038/s41467-026-71566-x,Viet Nam,VNM,Southeast Asia,2,2026,tb,0
doi:10.1038/s41467-026-71566-x,United Kingdom,GBR,Europe,3,2026,tb,0
doi:10.1038/s41467-026-71566-x,Nepal,NPL,South Asia,1,2026,tb,0
doi:10.1186/s12879-026-13946-8,Lebanon,LBN,Middle East,11,2026,amr_hai,0
doi:10.1186/s12879-026-13946-8,United States,USA,North America,8,2026,amr_hai,0
doi:10.1186/s12879-026-13946-8,Singapore,SGP,Southeast Asia,1,2026,amr_hai,1
doi:10.64898/2026.07.03.736289,Singapore,SGP,Southeast Asia,9,2026,vector_borne,1
doi:10.64898/2026.07.03.736289,Estonia,EST,Europe,1,2026,vector_borne,0
doi:10.1016/j.pt.2026.06.011,Malaysia,MYS,Southeast Asia,2,2026,vector_borne,0
doi:10.1016/j.pt.2026.06.011,Switzerland,CHE,Europe,1,2026,vector_borne,0
doi:10.1016/j.pt.2026.06.011,Singapore,SGP,Southeast Asia,2,2026,vector_borne,1
doi:10.1371/journal.ppat.1013609,United States,USA,North America,14,2026,vector_borne,0
doi:10.1371/journal.ppat.1013609,Singapore,SGP,Southeast Asia,8,2026,vector_borne,1
doi:10.3389/fimmu.2026.1921846,Malaysia,MYS,Southeast Asia,6,2026,rti,0
doi:10.3389/fimmu.2026.1921846,Singapore,SGP,Southeast Asia,3,2026,rti,1
doi:10.2196/87328,Hong Kong SAR,HKG,East Asia,8,2026,rti,0
doi:10.2196/87328,China,CHN,East Asia,2,2026,rti,0
doi:10.2196/87328,United States,USA,North America,2,2026,rti,0
doi:10.2196/87328,Australia,AUS,Oceania,1,2026,rti,0
doi:10.2196/87328,Finland,FIN,Europe,1,2026,rti,0
doi:10.2196/87328,Singapore,SGP,Southeast Asia,1,2026,rti,1
doi:10.1016/j.ebiom.2026.106447,Viet Nam,VNM,Southeast Asia,8,2026,other_id,0
doi:10.1016/j.ebiom.2026.106447,Nepal,NPL,South Asia,4,2026,other_id,0
doi:10.1016/j.ebiom.2026.106447,United Kingdom,GBR,Europe,6,2026,other_id,0
doi:10.1016/j.ebiom.2026.106447,Singapore,SGP,Southeast Asia,1,2026,other_id,1
doi:10.1371/journal.pone.0351023,Lao PDR,LAO,Southeast Asia,10,2026,vector_borne,0
doi:10.1371/journal.pone.0351023,Singapore,SGP,Southeast Asia,2,2026,vector_borne,1
doi:10.1371/journal.pone.0351023,France,FRA,Europe,1,2026,vector_borne,0
doi:10.1016/j.ejmech.2026.119130,Greece,GRC,Europe,7,2026,vector_borne,0
doi:10.1016/j.ejmech.2026.119130,Singapore,SGP,Southeast Asia,4,2026,vector_borne,1
doi:10.1016/j.ejmech.2026.119130,Australia,AUS,Oceania,1,2026,vector_borne,0
doi:10.1002/biof.70105,Portugal,PRT,Europe,13,2026,vector_borne,0
doi:10.1002/biof.70105,Singapore,SGP,Southeast Asia,1,2026,vector_borne,1
doi:10.1056/nejmoa2503304,Singapore,SGP,Southeast Asia,24,2026,vector_borne,1
doi:10.1111/jcmm.71353,United Kingdom,GBR,Europe,3,2026,other_id,0
doi:10.1111/jcmm.71353,Singapore,SGP,Southeast Asia,7,2026,other_id,1
doi:10.1111/jcmm.71353,United States,USA,North America,1,2026,other_id,0
doi:10.1007/s10985-026-09690-5,Singapore,SGP,Southeast Asia,3,2026,sti,1
doi:10.1007/s10985-026-09690-5,China,CHN,East Asia,1,2026,sti,0
doi:10.7759/cureus.114118,Singapore,SGP,Southeast Asia,1,2026,tb,1
doi:10.1371/journal.pone.0352661,Netherlands,NLD,Europe,3,2026,tb,0
doi:10.1371/journal.pone.0352661,India,IND,South Asia,8,2026,tb,0
doi:10.1371/journal.pone.0352661,Uganda,UGA,Africa,2,2026,tb,0
doi:10.1371/journal.pone.0352661,Germany,DEU,Europe,1,2026,tb,0
doi:10.1371/journal.pone.0352661,Singapore,SGP,Southeast Asia,1,2026,tb,1
doi:10.4103/ijo.ijo_346_26,Singapore,SGP,Southeast Asia,1,2026,tb,1
doi:10.1016/j.lanwpc.2026.101892,China,CHN,East Asia,14,2026,sti,0
doi:10.1016/j.lanwpc.2026.101892,United States,USA,North America,1,2026,sti,0
doi:10.1016/j.lanwpc.2026.101892,United Kingdom,GBR,Europe,1,2026,sti,0
doi:10.1016/j.lanwpc.2026.101892,Singapore,SGP,Southeast Asia,1,2026,sti,1
doi:10.2196/82143,Singapore,SGP,Southeast Asia,12,2026,rti,1
doi:10.1017/ice.2026.10530,Singapore,SGP,Southeast Asia,10,2026,amr_hai,1
doi:10.1128/spectrum.01906-25,China,CHN,East Asia,12,2026,amr_hai,0
doi:10.1128/spectrum.01906-25,Singapore,SGP,Southeast Asia,1,2026,amr_hai,1
doi:10.1177/09564624261424560,Australia,AUS,Oceania,4,2026,sti,0
doi:10.1177/09564624261424560,Malaysia,MYS,Southeast Asia,2,2026,sti,0
doi:10.1177/09564624261424560,Republic of Korea,KOR,East Asia,1,2026,sti,0
doi:10.1177/09564624261424560,Taiwan,TWN,East Asia,3,2026,sti,0
doi:10.1177/09564624261424560,Thailand,THA,Southeast Asia,1,2026,sti,0
doi:10.1177/09564624261424560,Singapore,SGP,Southeast Asia,1,2026,sti,1
doi:10.1177/09564624261424560,Japan,JPN,East Asia,1,2026,sti,0
doi:10.1177/09564624261424560,Viet Nam,VNM,Southeast Asia,1,2026,sti,0
doi:10.1177/09564624261424560,India,IND,South Asia,1,2026,sti,0
doi:10.1002/advs.76769,Singapore,SGP,Southeast Asia,16,2026,vector_borne,1
doi:10.1002/advs.76769,China,CHN,East Asia,9,2026,vector_borne,0
doi:10.1093/cid/ciag361,United States,USA,North America,11,2026,tb,0
doi:10.1093/cid/ciag361,France,FRA,Europe,3,2026,tb,0
doi:10.1093/cid/ciag361,United Kingdom,GBR,Europe,1,2026,tb,0
doi:10.1093/cid/ciag361,Singapore,SGP,Southeast Asia,2,2026,tb,1
doi:10.1093/cid/ciag361,Canada,CAN,North America,1,2026,tb,0
doi:10.1093/cid/ciag361,Peru,PER,Latin America,1,2026,tb,0
doi:10.1093/cid/ciag361,Myanmar,MMR,Southeast Asia,1,2026,tb,0
doi:10.1093/cid/ciag361,Indonesia,IDN,Southeast Asia,1,2026,tb,0
doi:10.1093/cid/ciag361,Pakistan,PAK,South Asia,2,2026,tb,0
doi:10.1093/cid/ciag361,South Africa,ZAF,Africa,1,2026,tb,0
doi:10.1093/cid/ciag361,Ethiopia,ETH,Africa,1,2026,tb,0
doi:10.1016/j.vaccine.2026.129079,United Kingdom,GBR,Europe,2,2026,rti,0
doi:10.1016/j.vaccine.2026.129079,Japan,JPN,East Asia,6,2026,rti,0
doi:10.1016/j.vaccine.2026.129079,Germany,DEU,Europe,3,2026,rti,0
doi:10.1016/j.vaccine.2026.129079,Singapore,SGP,Southeast Asia,1,2026,rti,1
doi:10.1186/s12985-026-03231-0,Switzerland,CHE,Europe,17,2026,vector_borne,0
doi:10.1186/s12985-026-03231-0,Singapore,SGP,Southeast Asia,3,2026,vector_borne,1
doi:10.3390/cells15131146,Singapore,SGP,Southeast Asia,20,2026,rti,1
doi:10.1016/j.jare.2026.09.007,China,CHN,East Asia,14,2026,amr_hai,0
doi:10.1016/j.jare.2026.09.007,Singapore,SGP,Southeast Asia,2,2026,amr_hai,1
doi:10.5492/wjccm.v15.i1.110763,Singapore,SGP,Southeast Asia,4,2026,tb,1
doi:10.1038/s41598-026-59102-9,Singapore,SGP,Southeast Asia,4,2026,other_id,1
doi:10.1093/ehjqcco/qcaf145,France,FRA,Europe,9,2026,amr_hai,0
doi:10.1093/ehjqcco/qcaf145,Italy,ITA,Europe,3,2026,amr_hai,0
doi:10.1093/ehjqcco/qcaf145,Belgium,BEL,Europe,2,2026,amr_hai,0
doi:10.1093/ehjqcco/qcaf145,Singapore,SGP,Southeast Asia,1,2026,amr_hai,1
doi:10.1093/ehjqcco/qcaf145,Romania,ROU,Europe,1,2026,amr_hai,0
doi:10.1093/ehjqcco/qcaf145,United Kingdom,GBR,Europe,1,2026,amr_hai,0
doi:10.1093/ehjqcco/qcaf145,Spain,ESP,Europe,1,2026,amr_hai,0
doi:10.1093/ehjqcco/qcaf145,India,IND,South Asia,1,2026,amr_hai,0
doi:10.1093/ehjqcco/qcaf145,Portugal,PRT,Europe,1,2026,amr_hai,0
doi:10.1093/ehjqcco/qcaf145,Netherlands,NLD,Europe,1,2026,amr_hai,0
doi:10.1371/journal.pone.0349232,United Kingdom,GBR,Europe,21,2026,rti,0
doi:10.1371/journal.pone.0349232,Singapore,SGP,Southeast Asia,1,2026,rti,1
doi:10.1371/journal.pone.0349232,Denmark,DNK,Europe,1,2026,rti,0
doi:10.3390/antibiotics15080715,United States,USA,North America,2,2026,amr_hai,0
doi:10.3390/antibiotics15080715,Spain,ESP,Europe,1,2026,amr_hai,0
doi:10.3390/antibiotics15080715,Austria,AUT,Europe,1,2026,amr_hai,0
doi:10.3390/antibiotics15080715,Germany,DEU,Europe,1,2026,amr_hai,0
doi:10.3390/antibiotics15080715,United Kingdom,GBR,Europe,2,2026,amr_hai,0
doi:10.3390/antibiotics15080715,Singapore,SGP,Southeast Asia,1,2026,amr_hai,1
doi:10.3390/ani16152314,Thailand,THA,Southeast Asia,6,2026,rti,0
doi:10.3390/ani16152314,United States,USA,North America,1,2026,rti,0
doi:10.3390/ani16152314,Singapore,SGP,Southeast Asia,1,2026,rti,1
doi:10.7759/cureus.113372,Singapore,SGP,Southeast Asia,1,2026,tb,1
doi:10.1039/d6sc00255b,China,CHN,East Asia,22,2026,amr_hai,0
doi:10.1039/d6sc00255b,Singapore,SGP,Southeast Asia,1,2026,amr_hai,1
doi:10.2196/67870,United Kingdom,GBR,Europe,4,2026,rti,0
doi:10.2196/67870,Cambodia,KHM,Southeast Asia,10,2026,rti,0
doi:10.2196/67870,Singapore,SGP,Southeast Asia,4,2026,rti,1
doi:10.1093/cid/ciaf467,Canada,CAN,North America,2,2026,tb,0
doi:10.1093/cid/ciaf467,United States,USA,North America,9,2026,tb,0
doi:10.1093/cid/ciaf467,Pakistan,PAK,South Asia,1,2026,tb,0
doi:10.1093/cid/ciaf467,Switzerland,CHE,Europe,1,2026,tb,0
doi:10.1093/cid/ciaf467,Haiti,HTI,Latin America,1,2026,tb,0
doi:10.1093/cid/ciaf467,Peru,PER,Latin America,1,2026,tb,0
doi:10.1093/cid/ciaf467,France,FRA,Europe,2,2026,tb,0
doi:10.1093/cid/ciaf467,South Africa,ZAF,Africa,1,2026,tb,0
doi:10.1093/cid/ciaf467,Singapore,SGP,Southeast Asia,2,2026,tb,1
doi:10.1093/cid/ciaf467,United Kingdom,GBR,Europe,1,2026,tb,0
doi:10.1093/cid/ciaf467,Ethiopia,ETH,Africa,1,2026,tb,0
doi:10.1093/cid/ciaf467,Indonesia,IDN,Southeast Asia,1,2026,tb,0
doi:10.1093/cid/ciaf467,Denmark,DNK,Europe,1,2026,tb,0
doi:10.1093/cid/ciaf467,Viet Nam,VNM,Southeast Asia,1,2026,tb,0
doi:10.1016/j.vaccine.2026.128917,Switzerland,CHE,Europe,4,2026,vector_borne,0
doi:10.1016/j.vaccine.2026.128917,Panama,PAN,Latin America,3,2026,vector_borne,0
doi:10.1016/j.vaccine.2026.128917,Thailand,THA,Southeast Asia,2,2026,vector_borne,0
doi:10.1016/j.vaccine.2026.128917,Colombia,COL,Latin America,1,2026,vector_borne,0
doi:10.1016/j.vaccine.2026.128917,Philippines,PHL,Southeast Asia,1,2026,vector_borne,0
doi:10.1016/j.vaccine.2026.128917,Singapore,SGP,Southeast Asia,1,2026,vector_borne,1
doi:10.1016/j.vaccine.2026.128917,United States,USA,North America,7,2026,vector_borne,0
doi:10.1038/s41467-026-75954-1,Cambodia,KHM,Southeast Asia,11,2026,rti,0
doi:10.1038/s41467-026-75954-1,France,FRA,Europe,13,2026,rti,0
doi:10.1038/s41467-026-75954-1,Japan,JPN,East Asia,1,2026,rti,0
doi:10.1038/s41467-026-75954-1,Singapore,SGP,Southeast Asia,2,2026,rti,1
doi:10.1038/s41467-026-75954-1,Madagascar,MDG,Africa,3,2026,rti,0
doi:10.1016/j.ijid.2026.109080,Japan,JPN,East Asia,2,2026,rti,0
doi:10.1016/j.ijid.2026.109080,China,CHN,East Asia,5,2026,rti,0
doi:10.1016/j.ijid.2026.109080,Netherlands,NLD,Europe,2,2026,rti,0
doi:10.1016/j.ijid.2026.109080,New Zealand,NZL,Oceania,2,2026,rti,0
doi:10.1016/j.ijid.2026.109080,Australia,AUS,Oceania,6,2026,rti,0
doi:10.1016/j.ijid.2026.109080,Singapore,SGP,Southeast Asia,1,2026,rti,1
doi:10.1016/j.ijid.2026.109080,United Kingdom,GBR,Europe,2,2026,rti,0
doi:10.1097/jnr.0000000000000757,Singapore,SGP,Southeast Asia,1,2026,rti,1
doi:10.1097/jnr.0000000000000757,Taiwan,TWN,East Asia,7,2026,rti,0
doi:10.1177/09564624261440693,Singapore,SGP,Southeast Asia,4,2026,sti,1
doi:10.1371/journal.pone.0351209,United States,USA,North America,5,2026,rti,0
doi:10.1111/imcb.70135,United States,USA,North America,5,2026,other_id,0
doi:10.1111/imcb.70135,Singapore,SGP,Southeast Asia,1,2026,other_id,1
doi:10.3389/fimmu.2026.1824198,Singapore,SGP,Southeast Asia,15,2026,other_id,1
doi:10.3389/fimmu.2026.1824198,Republic of Korea,KOR,East Asia,7,2026,other_id,0
doi:10.1016/j.immuni.2026.07.006,Germany,DEU,Europe,6,2026,vector_borne,0
doi:10.1016/j.immuni.2026.07.006,Australia,AUS,Oceania,7,2026,vector_borne,0
doi:10.1016/j.immuni.2026.07.006,Portugal,PRT,Europe,1,2026,vector_borne,0
doi:10.1016/j.immuni.2026.07.006,France,FRA,Europe,1,2026,vector_borne,0
doi:10.1016/j.immuni.2026.07.006,China,CHN,East Asia,1,2026,vector_borne,0
doi:10.1016/j.immuni.2026.07.006,Singapore,SGP,Southeast Asia,2,2026,vector_borne,1
doi:10.4269/ajtmh.25-0311,Canada,CAN,North America,1,2026,vector_borne,0
doi:10.4269/ajtmh.25-0311,United States,USA,North America,1,2026,vector_borne,0
doi:10.4269/ajtmh.25-0311,United Kingdom,GBR,Europe,4,2026,vector_borne,0
doi:10.4269/ajtmh.25-0311,Singapore,SGP,Southeast Asia,1,2026,vector_borne,1
doi:10.4269/ajtmh.25-0311,Switzerland,CHE,Europe,1,2026,vector_borne,0
doi:10.1097/qai.0000000000003852,Switzerland,CHE,Europe,2,2026,sti,0
doi:10.1097/qai.0000000000003852,Australia,AUS,Oceania,9,2026,sti,0
doi:10.1097/qai.0000000000003852,Thailand,THA,Southeast Asia,4,2026,sti,0
doi:10.1097/qai.0000000000003852,Viet Nam,VNM,Southeast Asia,1,2026,sti,0
doi:10.1097/qai.0000000000003852,China,CHN,East Asia,2,2026,sti,0
doi:10.1038/s44321-026-00502-9,China,CHN,East Asia,18,2026,other_id,0
doi:10.1038/s44321-026-00502-9,Singapore,SGP,Southeast Asia,1,2026,other_id,1
doi:10.1016/j.lanwpc.2026.101917,Singapore,SGP,Southeast Asia,10,2026,amr_hai,1
doi:10.1016/j.lanwpc.2026.101917,Spain,ESP,Europe,2,2026,amr_hai,0
doi:10.1016/j.lanwpc.2026.101917,Philippines,PHL,Southeast Asia,1,2026,amr_hai,0
doi:10.1016/j.lanwpc.2026.101917,United States,USA,North America,1,2026,amr_hai,0
doi:10.1016/j.lanwpc.2026.101917,Australia,AUS,Oceania,1,2026,amr_hai,0
doi:10.1016/j.lanwpc.2026.101917,South Africa,ZAF,Africa,1,2026,amr_hai,0
doi:10.1016/j.lanwpc.2026.101917,United Kingdom,GBR,Europe,2,2026,amr_hai,0
doi:10.1016/j.lanwpc.2026.101917,Thailand,THA,Southeast Asia,1,2026,amr_hai,0
doi:10.1136/bjo-2026-329771,Singapore,SGP,Southeast Asia,16,2026,amr_hai,1
doi:10.1136/bjo-2026-329771,India,IND,South Asia,2,2026,amr_hai,0
doi:10.21037/jtd-2025-aw-2166,Singapore,SGP,Southeast Asia,6,2026,tb,1
doi:10.1002/cpz1.70454,Singapore,SGP,Southeast Asia,7,2026,amr_hai,1
doi:10.1128/spectrum.03617-25,Australia,AUS,Oceania,15,2026,amr_hai,0
doi:10.1128/spectrum.03617-25,Singapore,SGP,Southeast Asia,2,2026,amr_hai,1
doi:10.1186/s13046-026-03708-4,China,CHN,East Asia,18,2026,tb,0
doi:10.1186/s13046-026-03708-4,Singapore,SGP,Southeast Asia,1,2026,tb,1
doi:10.1371/journal.pgph.0006151,China,CHN,East Asia,6,2026,sti,0
doi:10.1371/journal.pgph.0006151,United States,USA,North America,2,2026,sti,0
doi:10.1371/journal.pgph.0006151,Singapore,SGP,Southeast Asia,1,2026,sti,1
doi:10.1038/s41564-026-02439-8,Australia,AUS,Oceania,30,2026,vector_borne,0
doi:10.1038/s41564-026-02439-8,Singapore,SGP,Southeast Asia,3,2026,vector_borne,1
doi:10.1093/ajrccm/aamag444,Australia,AUS,Oceania,10,2026,tb,0
doi:10.1093/ajrccm/aamag444,Singapore,SGP,Southeast Asia,1,2026,tb,1
doi:10.1093/ajrccm/aamag444,Viet Nam,VNM,Southeast Asia,2,2026,tb,0
doi:10.1136/bmjresp-2026-004413,Japan,JPN,East Asia,3,2026,tb,0
doi:10.1136/bmjresp-2026-004413,Singapore,SGP,Southeast Asia,3,2026,tb,1
doi:10.1136/bmjresp-2026-004413,United Kingdom,GBR,Europe,1,2026,tb,0
doi:10.1136/bmjresp-2026-004413,Australia,AUS,Oceania,1,2026,tb,0
doi:10.1136/bmjresp-2026-004413,Cambodia,KHM,Southeast Asia,4,2026,tb,0
doi:10.1186/s12879-026-14123-7,China,CHN,East Asia,13,2026,other_id,0
doi:10.1186/s12879-026-14123-7,Singapore,SGP,Southeast Asia,1,2026,other_id,1
doi:10.1017/s0950268826101411,Taiwan,TWN,East Asia,7,2026,rti,0
doi:10.1017/s0950268826101411,Singapore,SGP,Southeast Asia,3,2026,rti,1
doi:10.1017/s0950268826101411,United Kingdom,GBR,Europe,1,2026,rti,0
doi:10.1017/s0950268826101411,Thailand,THA,Southeast Asia,1,2026,rti,0
doi:10.2147/opth.s614679,India,IND,South Asia,4,2026,tb,0
doi:10.2147/opth.s614679,Singapore,SGP,Southeast Asia,1,2026,tb,1
doi:10.1038/s41598-026-56516-3,Singapore,SGP,Southeast Asia,2,2026,amr_hai,1
doi:10.1038/s41598-026-56516-3,China,CHN,East Asia,1,2026,amr_hai,0
doi:10.1016/j.actatropica.2026.108314,Malaysia,MYS,Southeast Asia,4,2026,vector_borne,0
doi:10.1016/j.actatropica.2026.108314,Singapore,SGP,Southeast Asia,1,2026,vector_borne,1
doi:10.1111/irv.70269,Singapore,SGP,Southeast Asia,2,2026,rti,1
doi:10.1111/irv.70269,United States,USA,North America,1,2026,rti,0
doi:10.1039/d6nr00924g,Malaysia,MYS,Southeast Asia,4,2026,amr_hai,0
doi:10.1039/d6nr00924g,Singapore,SGP,Southeast Asia,1,2026,amr_hai,1
doi:10.3389/fimmu.2026.1828107,Republic of Korea,KOR,East Asia,15,2026,rti,0
doi:10.3389/fimmu.2026.1828107,Singapore,SGP,Southeast Asia,3,2026,rti,1
doi:10.1038/s41467-026-76186-z,India,IND,South Asia,4,2026,other_id,0
doi:10.1038/s41467-026-76186-z,Singapore,SGP,Southeast Asia,1,2026,other_id,1
doi:10.1016/j.ijid.2026.108860,Singapore,SGP,Southeast Asia,8,2026,tb,1
doi:10.1136/fmch-2026-004076,Singapore,SGP,Southeast Asia,7,2026,rti,1
doi:10.1016/j.ijid.2026.108586,China,CHN,East Asia,5,2026,tb,0
doi:10.1016/j.ijid.2026.108586,Brunei Darussalam,BRN,Southeast Asia,1,2026,tb,0
doi:10.1016/j.ijid.2026.108586,Singapore,SGP,Southeast Asia,1,2026,tb,1
doi:10.1016/j.ijid.2026.108586,Cambodia,KHM,Southeast Asia,1,2026,tb,0
doi:10.1016/j.ijid.2026.108586,United States,USA,North America,1,2026,tb,0
doi:10.1371/journal.ppat.1014190,Belgium,BEL,Europe,16,2026,vector_borne,0
doi:10.1371/journal.ppat.1014190,Singapore,SGP,Southeast Asia,4,2026,vector_borne,1
doi:10.1371/journal.ppat.1014190,Australia,AUS,Oceania,1,2026,vector_borne,0
doi:10.1016/j.jsb.2026.108314,Singapore,SGP,Southeast Asia,7,2026,vector_borne,1
doi:10.1016/j.jsb.2026.108314,United States,USA,North America,2,2026,vector_borne,0
doi:10.1007/978-1-0716-5328-9_7,Singapore,SGP,Southeast Asia,3,2026,amr_hai,1
doi:10.1038/s43856-026-01678-4,Singapore,SGP,Southeast Asia,19,2026,other_id,1
doi:10.1093/oxfimm/iqag010,United States,USA,North America,12,2026,rti,0
doi:10.1093/oxfimm/iqag010,United Kingdom,GBR,Europe,1,2026,rti,0
doi:10.1093/oxfimm/iqag010,Singapore,SGP,Southeast Asia,1,2026,rti,1
doi:10.7189/jogh.16.04100,United States,USA,North America,4,2026,tb,0
doi:10.7189/jogh.16.04100,Singapore,SGP,Southeast Asia,3,2026,tb,1
doi:10.1155/carm/1612186,Singapore,SGP,Southeast Asia,10,2026,rti,1
doi:10.1016/j.ijid.2026.108932,Singapore,SGP,Southeast Asia,18,2026,rti,1
doi:10.1371/journal.pmed.1005205,Lao PDR,LAO,Southeast Asia,20,2026,amr_hai,0
doi:10.1371/journal.pmed.1005205,United Kingdom,GBR,Europe,10,2026,amr_hai,0
doi:10.1371/journal.pmed.1005205,Thailand,THA,Southeast Asia,4,2026,amr_hai,0
doi:10.1371/journal.pmed.1005205,Australia,AUS,Oceania,1,2026,amr_hai,0
doi:10.1371/journal.pmed.1005205,Viet Nam,VNM,Southeast Asia,1,2026,amr_hai,0
doi:10.1371/journal.pmed.1005205,Cambodia,KHM,Southeast Asia,1,2026,amr_hai,0
doi:10.1371/journal.pmed.1005205,Singapore,SGP,Southeast Asia,1,2026,amr_hai,1
doi:10.1093/pnasnexus/pgag273,Singapore,SGP,Southeast Asia,34,2026,amr_hai,1
doi:10.1093/ofid/ofag422,United Kingdom,GBR,Europe,7,2026,vector_borne,0
doi:10.1093/ofid/ofag422,Singapore,SGP,Southeast Asia,1,2026,vector_borne,1
doi:10.1093/ofid/ofag422,Thailand,THA,Southeast Asia,2,2026,vector_borne,0
doi:10.1093/ofid/ofag422,France,FRA,Europe,1,2026,vector_borne,0
doi:10.3390/pathogens15050511,Singapore,SGP,Southeast Asia,2,2026,vector_borne,1
doi:10.3390/pathogens15050511,Japan,JPN,East Asia,1,2026,vector_borne,0
doi:10.1017/ash.2026.10298,Singapore,SGP,Southeast Asia,1,2026,amr_hai,1
doi:10.1017/ash.2026.10298,Thailand,THA,Southeast Asia,2,2026,amr_hai,0
doi:10.1017/ash.2026.10298,Hong Kong SAR,HKG,East Asia,1,2026,amr_hai,0
doi:10.1017/ash.2026.10298,Taiwan,TWN,East Asia,1,2026,amr_hai,0
doi:10.1017/ash.2026.10298,Australia,AUS,Oceania,1,2026,amr_hai,0
doi:10.1017/ash.2026.10298,Republic of Korea,KOR,East Asia,1,2026,amr_hai,0
doi:10.1017/ash.2026.10298,India,IND,South Asia,1,2026,amr_hai,0
doi:10.1017/ash.2026.10298,Japan,JPN,East Asia,1,2026,amr_hai,0
doi:10.1371/journal.pntd.0014382,Viet Nam,VNM,Southeast Asia,8,2026,vector_borne,0
doi:10.1371/journal.pntd.0014382,United Kingdom,GBR,Europe,13,2026,vector_borne,0
doi:10.1371/journal.pntd.0014382,Singapore,SGP,Southeast Asia,4,2026,vector_borne,1
doi:10.1371/journal.pntd.0014382,Russian Federation,RUS,Europe,1,2026,vector_borne,0
doi:10.1038/s41598-026-57407-3,China,CHN,East Asia,11,2026,tb,0
doi:10.1038/s41598-026-57407-3,Taiwan,TWN,East Asia,2,2026,tb,0
doi:10.1038/s41598-026-57407-3,Malaysia,MYS,Southeast Asia,2,2026,tb,0
doi:10.1038/s41598-026-57407-3,Philippines,PHL,Southeast Asia,1,2026,tb,0
doi:10.1038/s41598-026-57407-3,India,IND,South Asia,2,2026,tb,0
doi:10.1038/s41598-026-57407-3,Singapore,SGP,Southeast Asia,1,2026,tb,1
doi:10.1016/j.actatropica.2026.108305,Japan,JPN,East Asia,9,2026,vector_borne,0
doi:10.1016/j.actatropica.2026.108305,Singapore,SGP,Southeast Asia,4,2026,vector_borne,1
doi:10.1016/j.actatropica.2026.108305,United States,USA,North America,3,2026,vector_borne,0
doi:10.1016/j.actatropica.2026.108305,Malaysia,MYS,Southeast Asia,2,2026,vector_borne,0
doi:10.1016/j.actatropica.2026.108305,Myanmar,MMR,Southeast Asia,1,2026,vector_borne,0
doi:10.1093/jac/dkag215,United Kingdom,GBR,Europe,9,2026,amr_hai,0
doi:10.1093/jac/dkag215,Netherlands,NLD,Europe,3,2026,amr_hai,0
doi:10.1093/jac/dkag215,New Zealand,NZL,Oceania,1,2026,amr_hai,0
doi:10.1093/jac/dkag215,Singapore,SGP,Southeast Asia,4,2026,amr_hai,1
doi:10.1093/jac/dkag215,South Africa,ZAF,Africa,1,2026,amr_hai,0
doi:10.1093/jac/dkag215,Israel,ISR,Middle East,3,2026,amr_hai,0
doi:10.1093/jac/dkag215,Canada,CAN,North America,2,2026,amr_hai,0
doi:10.1093/jac/dkag215,Australia,AUS,Oceania,7,2026,amr_hai,0
doi:10.1093/jac/dkag215,France,FRA,Europe,1,2026,amr_hai,0
doi:10.1093/cid/ciag538,Australia,AUS,Oceania,10,2026,other_id,0
doi:10.1093/cid/ciag538,Singapore,SGP,Southeast Asia,17,2026,other_id,1
doi:10.1093/cid/ciag538,United Kingdom,GBR,Europe,1,2026,other_id,0
doi:10.1093/cid/ciag538,Thailand,THA,Southeast Asia,6,2026,other_id,0
doi:10.1093/cid/ciag538,Malaysia,MYS,Southeast Asia,4,2026,other_id,0
doi:10.1093/cid/ciag538,Taiwan,TWN,East Asia,8,2026,other_id,0
doi:10.1093/cid/ciag538,Türkiye,TUR,Europe,2,2026,other_id,0
doi:10.1080/22221751.2026.2665001,China,CHN,East Asia,13,2026,other_id,0
doi:10.1080/22221751.2026.2665001,Singapore,SGP,Southeast Asia,6,2026,other_id,1
doi:10.1136/bmjgh-2025-019100,Singapore,SGP,Southeast Asia,1,2026,sti,1
doi:10.1136/bmjgh-2025-019100,Cambodia,KHM,Southeast Asia,4,2026,sti,0
doi:10.1136/bmjgh-2025-019100,United States,USA,North America,17,2026,sti,0
doi:10.1136/bmjgh-2025-019100,Costa Rica,CRI,Latin America,1,2026,sti,0
doi:10.47102/annals-acadmedsg.2026237,Singapore,SGP,Southeast Asia,10,2026,amr_hai,1
doi:10.4103/tp.tp_51_25,Iraq,IRQ,Middle East,2,2026,vector_borne,0
doi:10.4103/tp.tp_51_25,Singapore,SGP,Southeast Asia,1,2026,vector_borne,1
doi:10.4103/tp.tp_51_25,Malaysia,MYS,Southeast Asia,1,2026,vector_borne,0
doi:10.1038/s41598-026-55917-8,Denmark,DNK,Europe,3,2026,tb,0
doi:10.1038/s41598-026-55917-8,Japan,JPN,East Asia,4,2026,tb,0
doi:10.1038/s41598-026-55917-8,Singapore,SGP,Southeast Asia,1,2026,tb,1
doi:10.1016/j.celrep.2026.117311,Singapore,SGP,Southeast Asia,14,2026,tb,1
doi:10.1016/j.celrep.2026.117311,United States,USA,North America,3,2026,tb,0
doi:10.1016/j.celrep.2026.117311,France,FRA,Europe,5,2026,tb,0
doi:10.1016/j.celrep.2026.117311,Switzerland,CHE,Europe,2,2026,tb,0
doi:10.1016/j.celrep.2026.117311,United Kingdom,GBR,Europe,1,2026,tb,0
doi:10.1038/s44321-026-00378-9,Singapore,SGP,Southeast Asia,7,2026,tb,1
doi:10.1038/s44321-026-00378-9,United States,USA,North America,4,2026,tb,0
doi:10.1038/s44321-026-00378-9,Switzerland,CHE,Europe,1,2026,tb,0
doi:10.1038/s44321-026-00378-9,United Kingdom,GBR,Europe,1,2026,tb,0
doi:10.1128/mbio.03518-25,Japan,JPN,East Asia,3,2026,amr_hai,0
doi:10.1128/mbio.03518-25,United States,USA,North America,11,2026,amr_hai,0
doi:10.1128/mbio.03518-25,Singapore,SGP,Southeast Asia,2,2026,amr_hai,1
doi:10.3390/insects17070716,Singapore,SGP,Southeast Asia,8,2026,vector_borne,1
doi:10.1021/acs.jmedchem.5c01616,Singapore,SGP,Southeast Asia,14,2026,tb,1
doi:10.1021/acs.jmedchem.5c01616,United States,USA,North America,5,2026,tb,0
doi:10.1021/acs.jmedchem.5c01616,Switzerland,CHE,Europe,1,2026,tb,0
pmid:42525700,Thailand,THA,Southeast Asia,2,2026,vector_borne,0
pmid:42525700,Singapore,SGP,Southeast Asia,1,2026,vector_borne,1
pmid:42525700,New Zealand,NZL,Oceania,3,2026,vector_borne,0
doi:10.1021/acssensors.6c00688,United States,USA,North America,9,2026,rti,0
doi:10.1021/acssensors.6c00688,Singapore,SGP,Southeast Asia,3,2026,rti,1
doi:10.7759/cureus.101901,Singapore,SGP,Southeast Asia,2,2026,sti,1
doi:10.1021/acs.est.6c03391,France,FRA,Europe,16,2026,amr_hai,0
doi:10.1021/acs.est.6c03391,Japan,JPN,East Asia,2,2026,amr_hai,0
doi:10.1021/acs.est.6c03391,Germany,DEU,Europe,1,2026,amr_hai,0
doi:10.1021/acs.est.6c03391,Canada,CAN,North America,3,2026,amr_hai,0
doi:10.1021/acs.est.6c03391,Israel,ISR,Middle East,2,2026,amr_hai,0
doi:10.1021/acs.est.6c03391,Italy,ITA,Europe,5,2026,amr_hai,0
doi:10.1021/acs.est.6c03391,Australia,AUS,Oceania,6,2026,amr_hai,0
doi:10.1021/acs.est.6c03391,Spain,ESP,Europe,1,2026,amr_hai,0
doi:10.1021/acs.est.6c03391,United Kingdom,GBR,Europe,2,2026,amr_hai,0
doi:10.1021/acs.est.6c03391,Singapore,SGP,Southeast Asia,1,2026,amr_hai,1
doi:10.1021/acs.est.6c03391,Portugal,PRT,Europe,1,2026,amr_hai,0
doi:10.1021/acs.est.6c03391,United States,USA,North America,1,2026,amr_hai,0
doi:10.1021/acs.est.6c03391,Greece,GRC,Europe,1,2026,amr_hai,0
doi:10.1021/acssensors.5c04309,Chile,CHL,Latin America,8,2026,amr_hai,0
doi:10.1021/acssensors.5c04309,Singapore,SGP,Southeast Asia,2,2026,amr_hai,1
doi:10.1016/j.mtbio.2026.103530,China,CHN,East Asia,10,2026,other_id,0
doi:10.1016/j.mtbio.2026.103530,Singapore,SGP,Southeast Asia,7,2026,other_id,1
doi:10.1016/j.socscimed.2026.119146,Singapore,SGP,Southeast Asia,10,2026,sti,1
doi:10.1016/j.socscimed.2026.119146,United States,USA,North America,1,2026,sti,0
doi:10.1016/j.socscimed.2026.119146,United Kingdom,GBR,Europe,1,2026,sti,0
doi:10.3390/insects17080770,Singapore,SGP,Southeast Asia,5,2026,vector_borne,1
doi:10.1080/21505594.2025.2580163,Singapore,SGP,Southeast Asia,10,2025,vector_borne,1
doi:10.1016/s1473-3099(24)00794-1,United States,USA,North America,20,2025,vector_borne,0
doi:10.1016/s1473-3099(24)00794-1,Singapore,SGP,Southeast Asia,1,2025,vector_borne,1
doi:10.1016/s1473-3099(24)00794-1,Brazil,BRA,Latin America,3,2025,vector_borne,0
doi:10.1016/s1473-3099(24)00794-1,Switzerland,CHE,Europe,3,2025,vector_borne,0
doi:10.1016/s1473-3099(24)00794-1,United Kingdom,GBR,Europe,3,2025,vector_borne,0
doi:10.1016/j.survophthal.2025.09.011,Singapore,SGP,Southeast Asia,13,2025,tb,1
doi:10.1016/j.survophthal.2025.09.011,Colombia,COL,Latin America,3,2025,tb,0
doi:10.1016/j.survophthal.2025.09.011,Netherlands,NLD,Europe,2,2025,tb,0
doi:10.1016/j.survophthal.2025.09.011,Indonesia,IDN,Southeast Asia,2,2025,tb,0
doi:10.1016/j.survophthal.2025.09.011,United States,USA,North America,8,2025,tb,0
doi:10.1016/j.survophthal.2025.09.011,India,IND,South Asia,2,2025,tb,0
doi:10.1016/j.survophthal.2025.09.011,Ethiopia,ETH,Africa,2,2025,tb,0
doi:10.1016/j.ajic.2025.11.002,Singapore,SGP,Southeast Asia,2,2025,rti,1
doi:10.1186/s13063-025-08887-7,Mongolia,MNG,East Asia,8,2025,tb,0
doi:10.1186/s13063-025-08887-7,Singapore,SGP,Southeast Asia,1,2025,tb,1
doi:10.1186/s13063-025-08887-7,United Kingdom,GBR,Europe,2,2025,tb,0
doi:10.1186/s13063-025-08887-7,United States,USA,North America,1,2025,tb,0
doi:10.1007/s10461-025-04964-9,Singapore,SGP,Southeast Asia,10,2025,sti,1
doi:10.1093/cid/ciae601,Singapore,SGP,Southeast Asia,2,2025,tb,1
doi:10.1093/cid/ciae601,Canada,CAN,North America,1,2025,tb,0
doi:10.1093/cid/ciae601,United States,USA,North America,8,2025,tb,0
doi:10.1093/cid/ciae601,Switzerland,CHE,Europe,1,2025,tb,0
doi:10.1093/cid/ciae601,Pakistan,PAK,South Asia,5,2025,tb,0
doi:10.1093/cid/ciae601,Ethiopia,ETH,Africa,1,2025,tb,0
doi:10.1093/cid/ciae601,France,FRA,Europe,5,2025,tb,0
doi:10.1093/cid/ciae601,Indonesia,IDN,Southeast Asia,2,2025,tb,0
doi:10.1093/cid/ciae601,Peru,PER,Latin America,1,2025,tb,0
doi:10.1093/cid/ciae601,Haiti,HTI,Latin America,2,2025,tb,0
doi:10.1093/cid/ciae601,Viet Nam,VNM,Southeast Asia,1,2025,tb,0
doi:10.1093/cid/ciae601,Sweden,SWE,Europe,1,2025,tb,0
doi:10.1093/cid/ciae601,South Africa,ZAF,Africa,1,2025,tb,0
doi:10.1093/cid/ciae601,Bangladesh,BGD,South Asia,2,2025,tb,0
doi:10.1093/cid/ciae601,Myanmar,MMR,Southeast Asia,1,2025,tb,0
doi:10.1093/cid/ciae601,United Kingdom,GBR,Europe,1,2025,tb,0
doi:10.1186/s13756-025-01656-w,Singapore,SGP,Southeast Asia,5,2025,amr_hai,1
doi:10.1038/s41598-025-86139-z,Singapore,SGP,Southeast Asia,7,2025,vector_borne,1
doi:10.1038/s41598-025-86139-z,Australia,AUS,Oceania,1,2025,vector_borne,0
doi:10.1093/ofid/ofaf610,Australia,AUS,Oceania,16,2025,amr_hai,0
doi:10.1093/ofid/ofaf610,Singapore,SGP,Southeast Asia,2,2025,amr_hai,1
doi:10.1128/jvi.01597-25,China,CHN,East Asia,21,2025,sti,0
doi:10.1128/jvi.01597-25,Singapore,SGP,Southeast Asia,1,2025,sti,1
doi:10.1016/j.infpip.2025.100492,United Kingdom,GBR,Europe,6,2025,rti,0
doi:10.1016/j.infpip.2025.100492,Singapore,SGP,Southeast Asia,1,2025,rti,1
doi:10.47102/annals-acadmedsg.2025246,Singapore,SGP,Southeast Asia,22,2025,tb,1
doi:10.1128/spectrum.01353-25,Singapore,SGP,Southeast Asia,4,2025,tb,1
doi:10.1186/s41182-025-00846-x,Australia,AUS,Oceania,2,2025,tb,0
doi:10.1186/s41182-025-00846-x,Singapore,SGP,Southeast Asia,1,2025,tb,1
doi:10.1186/s41182-025-00846-x,Philippines,PHL,Southeast Asia,6,2025,tb,0
doi:10.1186/s41182-025-00846-x,Switzerland,CHE,Europe,3,2025,tb,0
doi:10.1186/s41182-025-00846-x,Republic of Korea,KOR,East Asia,2,2025,tb,0
doi:10.1016/s2214-109x(25)00105-6,United Kingdom,GBR,Europe,11,2025,tb,0
doi:10.1016/s2214-109x(25)00105-6,United States,USA,North America,2,2025,tb,0
doi:10.1016/s2214-109x(25)00105-6,Italy,ITA,Europe,1,2025,tb,0
doi:10.1016/s2214-109x(25)00105-6,Singapore,SGP,Southeast Asia,3,2025,tb,1
doi:10.1016/s2214-109x(25)00105-6,Poland,POL,Europe,1,2025,tb,0
doi:10.1038/s41467-025-65976-6,China,CHN,East Asia,9,2025,amr_hai,0
doi:10.1038/s41467-025-65976-6,Switzerland,CHE,Europe,9,2025,amr_hai,0
doi:10.1038/s41467-025-65976-6,United States,USA,North America,1,2025,amr_hai,0
doi:10.1038/s41467-025-65976-6,Singapore,SGP,Southeast Asia,2,2025,amr_hai,1
doi:10.47102/annals-acadmedsg.2025240,Singapore,SGP,Southeast Asia,3,2025,sti,1
doi:10.1016/j.vaccine.2025.126728,Singapore,SGP,Southeast Asia,6,2025,vector_borne,1
doi:10.1016/s1473-3099(25)00157-4,United Kingdom,GBR,Europe,6,2025,tb,0
doi:10.1016/s1473-3099(25)00157-4,South Africa,ZAF,Africa,9,2025,tb,0
doi:10.1016/s1473-3099(25)00157-4,Sweden,SWE,Europe,1,2025,tb,0
doi:10.1016/s1473-3099(25)00157-4,United States,USA,North America,7,2025,tb,0
doi:10.1016/s1473-3099(25)00157-4,China,CHN,East Asia,2,2025,tb,0
doi:10.1016/s1473-3099(25)00157-4,Australia,AUS,Oceania,3,2025,tb,0
doi:10.1016/s1473-3099(25)00157-4,Ukraine,UKR,Europe,2,2025,tb,0
doi:10.1016/s1473-3099(25)00157-4,France,FRA,Europe,6,2025,tb,0
doi:10.1016/s1473-3099(25)00157-4,Viet Nam,VNM,Southeast Asia,2,2025,tb,0
doi:10.1016/s1473-3099(25)00157-4,Zimbabwe,ZWE,Africa,1,2025,tb,0
doi:10.1016/s1473-3099(25)00157-4,Singapore,SGP,Southeast Asia,1,2025,tb,1
doi:10.1016/s1473-3099(25)00157-4,Canada,CAN,North America,1,2025,tb,0
doi:10.1016/s1473-3099(25)00157-4,Netherlands,NLD,Europe,1,2025,tb,0
doi:10.1016/s1473-3099(25)00157-4,Belgium,BEL,Europe,2,2025,tb,0
doi:10.1016/s1473-3099(25)00157-4,Zambia,ZMB,Africa,1,2025,tb,0
doi:10.1016/s1473-3099(25)00157-4,India,IND,South Asia,2,2025,tb,0
doi:10.1016/s1473-3099(25)00157-4,Denmark,DNK,Europe,1,2025,tb,0
doi:10.1016/j.ijid.2025.108054,Singapore,SGP,Southeast Asia,7,2025,tb,1
doi:10.1016/j.intf.2025.100335,Singapore,SGP,Southeast Asia,8,2025,other_id,1
doi:10.1016/j.infpip.2025.100495,Singapore,SGP,Southeast Asia,13,2025,amr_hai,1
doi:10.1038/s41467-025-66606-x,Singapore,SGP,Southeast Asia,7,2025,sti,1
doi:10.1038/s41467-025-66606-x,Cambodia,KHM,Southeast Asia,8,2025,sti,0
doi:10.1038/s41467-025-66606-x,Japan,JPN,East Asia,1,2025,sti,0
doi:10.1038/s41467-025-66606-x,Australia,AUS,Oceania,1,2025,sti,0
doi:10.1038/s41467-025-66606-x,United Kingdom,GBR,Europe,1,2025,sti,0
doi:10.1038/s41467-025-66606-x,United States,USA,North America,1,2025,sti,0
doi:10.1016/j.celrep.2025.116098,United States,USA,North America,16,2025,vector_borne,0
doi:10.1016/j.celrep.2025.116098,Singapore,SGP,Southeast Asia,1,2025,vector_borne,1
doi:10.47102/annals-acadmedsg.2025336,Singapore,SGP,Southeast Asia,5,2025,sti,1
doi:10.3390/ijms262411784,Thailand,THA,Southeast Asia,13,2025,sti,0
doi:10.3390/ijms262411784,Singapore,SGP,Southeast Asia,1,2025,sti,1
doi:10.1186/s12889-025-25357-6,Thailand,THA,Southeast Asia,2,2025,sti,0
doi:10.1186/s12889-025-25357-6,Singapore,SGP,Southeast Asia,1,2025,sti,1
doi:10.3390/pathogens14030285,Italy,ITA,Europe,3,2025,vector_borne,0
doi:10.3390/pathogens14030285,Singapore,SGP,Southeast Asia,3,2025,vector_borne,1
doi:10.3390/pathogens14030285,Brazil,BRA,Latin America,2,2025,vector_borne,0
doi:10.3390/pathogens14030285,United States,USA,North America,6,2025,vector_borne,0
doi:10.3390/pathogens14030285,Spain,ESP,Europe,1,2025,vector_borne,0
doi:10.3390/pathogens14030285,Australia,AUS,Oceania,1,2025,vector_borne,0
doi:10.1186/s12889-025-24934-z,Singapore,SGP,Southeast Asia,2,2025,tb,1
doi:10.1186/s12889-025-24934-z,United States,USA,North America,2,2025,tb,0
doi:10.1186/s12889-025-24934-z,Philippines,PHL,Southeast Asia,4,2025,tb,0
doi:10.1128/spectrum.02725-25,Singapore,SGP,Southeast Asia,22,2025,other_id,1
doi:10.1016/j.jhin.2025.11.043,Singapore,SGP,Southeast Asia,16,2025,amr_hai,1
doi:10.1016/s1473-3099(25)00151-3,Singapore,SGP,Southeast Asia,9,2025,tb,1
doi:10.1016/s1473-3099(25)00151-3,United Kingdom,GBR,Europe,3,2025,tb,0
doi:10.1016/s1473-3099(25)00151-3,Indonesia,IDN,Southeast Asia,5,2025,tb,0
doi:10.1016/s1473-3099(25)00151-3,Philippines,PHL,Southeast Asia,3,2025,tb,0
doi:10.1016/s1473-3099(25)00151-3,Uganda,UGA,Africa,1,2025,tb,0
doi:10.1016/s1473-3099(25)00151-3,Thailand,THA,Southeast Asia,1,2025,tb,0
doi:10.1016/s1473-3099(25)00151-3,India,IND,South Asia,1,2025,tb,0
doi:10.1136/bmjresp-2025-003777,United States,USA,North America,9,2025,tb,0
doi:10.1136/bmjresp-2025-003777,United Kingdom,GBR,Europe,2,2025,tb,0
doi:10.1136/bmjresp-2025-003777,France,FRA,Europe,3,2025,tb,0
doi:10.1136/bmjresp-2025-003777,South Africa,ZAF,Africa,1,2025,tb,0
doi:10.1136/bmjresp-2025-003777,Peru,PER,Latin America,1,2025,tb,0
doi:10.1136/bmjresp-2025-003777,Singapore,SGP,Southeast Asia,1,2025,tb,1
doi:10.1136/bmjresp-2025-003777,Ethiopia,ETH,Africa,1,2025,tb,0
doi:10.1136/bmjresp-2025-003777,Indonesia,IDN,Southeast Asia,1,2025,tb,0
doi:10.1136/bmjresp-2025-003777,Pakistan,PAK,South Asia,1,2025,tb,0
doi:10.1136/bmjresp-2025-003777,Myanmar,MMR,Southeast Asia,1,2025,tb,0
doi:10.1101/2025.08.20.25334077,United States,USA,North America,10,2025,tb,0
doi:10.1101/2025.08.20.25334077,United Kingdom,GBR,Europe,3,2025,tb,0
doi:10.1101/2025.08.20.25334077,France,FRA,Europe,3,2025,tb,0
doi:10.1101/2025.08.20.25334077,South Africa,ZAF,Africa,1,2025,tb,0
doi:10.1101/2025.08.20.25334077,Peru,PER,Latin America,1,2025,tb,0
doi:10.1101/2025.08.20.25334077,Singapore,SGP,Southeast Asia,1,2025,tb,1
doi:10.1101/2025.08.20.25334077,Ethiopia,ETH,Africa,1,2025,tb,0
doi:10.1101/2025.08.20.25334077,Indonesia,IDN,Southeast Asia,1,2025,tb,0
doi:10.1101/2025.08.20.25334077,Pakistan,PAK,South Asia,1,2025,tb,0
doi:10.1101/2025.08.20.25334077,Myanmar,MMR,Southeast Asia,1,2025,tb,0
doi:10.1073/pnas.2421573122,Singapore,SGP,Southeast Asia,2,2025,vector_borne,1
doi:10.1038/s41467-025-66413-4,Singapore,SGP,Southeast Asia,10,2025,amr_hai,1
doi:10.1038/s41467-025-66413-4,Australia,AUS,Oceania,3,2025,amr_hai,0
doi:10.1038/s41467-025-66413-4,Viet Nam,VNM,Southeast Asia,2,2025,amr_hai,0
doi:10.1007/s00408-024-00779-y,Singapore,SGP,Southeast Asia,5,2025,tb,1
doi:10.1016/j.idc.2025.11.009,Singapore,SGP,Southeast Asia,6,2025,amr_hai,1
doi:10.1016/j.idc.2025.11.009,Thailand,THA,Southeast Asia,1,2025,amr_hai,0
doi:10.1016/j.idc.2025.11.009,United Kingdom,GBR,Europe,1,2025,amr_hai,0
doi:10.1016/j.idc.2025.11.005,India,IND,South Asia,1,2025,amr_hai,0
doi:10.1016/j.idc.2025.11.005,Singapore,SGP,Southeast Asia,1,2025,amr_hai,1
doi:10.1016/j.idc.2025.11.003,Singapore,SGP,Southeast Asia,8,2025,amr_hai,1
doi:10.1016/j.idc.2025.11.003,Australia,AUS,Oceania,1,2025,amr_hai,0
doi:10.1186/s12964-025-02588-z,Singapore,SGP,Southeast Asia,10,2025,vector_borne,1
doi:10.1016/j.ajic.2025.10.025,Singapore,SGP,Southeast Asia,14,2025,amr_hai,1
doi:10.1002/jia2.70052,Hong Kong SAR,HKG,East Asia,8,2025,sti,0
doi:10.1002/jia2.70052,China,CHN,East Asia,2,2025,sti,0
doi:10.1002/jia2.70052,Taiwan,TWN,East Asia,3,2025,sti,0
doi:10.1002/jia2.70052,Malaysia,MYS,Southeast Asia,3,2025,sti,0
doi:10.1002/jia2.70052,Singapore,SGP,Southeast Asia,1,2025,sti,1
doi:10.1038/s41467-025-66411-6,United Kingdom,GBR,Europe,5,2025,vector_borne,0
doi:10.1038/s41467-025-66411-6,Singapore,SGP,Southeast Asia,7,2025,vector_borne,1
doi:10.1038/s41467-025-66411-6,Spain,ESP,Europe,2,2025,vector_borne,0
doi:10.1016/j.arbres.2025.09.017,Singapore,SGP,Southeast Asia,5,2025,tb,1
doi:10.1016/j.arbres.2025.09.017,Switzerland,CHE,Europe,1,2025,tb,0
doi:10.1016/j.arbres.2025.09.017,Italy,ITA,Europe,2,2025,tb,0
doi:10.1038/s41591-025-04041-7,Uganda,UGA,Africa,9,2025,sti,0
doi:10.1038/s41591-025-04041-7,South Africa,ZAF,Africa,3,2025,sti,0
doi:10.1038/s41591-025-04041-7,United Kingdom,GBR,Europe,5,2025,sti,0
doi:10.1038/s41591-025-04041-7,Kenya,KEN,Africa,4,2025,sti,0
doi:10.1038/s41591-025-04041-7,Belgium,BEL,Europe,1,2025,sti,0
doi:10.1038/s41591-025-04041-7,Ghana,GHA,Africa,1,2025,sti,0
doi:10.1038/s41591-025-04041-7,Singapore,SGP,Southeast Asia,1,2025,sti,1
doi:10.7759/cureus.100362,Singapore,SGP,Southeast Asia,3,2025,tb,1
doi:10.1016/s2213-2600(25)00194-8,France,FRA,Europe,5,2025,tb,0
doi:10.1016/s2213-2600(25)00194-8,Italy,ITA,Europe,1,2025,tb,0
doi:10.1016/s2213-2600(25)00194-8,Singapore,SGP,Southeast Asia,1,2025,tb,1
doi:10.1016/s2213-2600(25)00194-8,Canada,CAN,North America,1,2025,tb,0
doi:10.1016/s2213-2600(25)00194-8,United States,USA,North America,12,2025,tb,0
doi:10.1016/s2213-2600(25)00194-8,Pakistan,PAK,South Asia,5,2025,tb,0
doi:10.1016/s2213-2600(25)00194-8,Belgium,BEL,Europe,4,2025,tb,0
doi:10.1016/s2213-2600(25)00194-8,United Kingdom,GBR,Europe,2,2025,tb,0
doi:10.1016/s2213-2600(25)00194-8,India,IND,South Asia,3,2025,tb,0
doi:10.1016/s2213-2600(25)00194-8,Switzerland,CHE,Europe,4,2025,tb,0
doi:10.1016/s2213-2600(25)00194-8,Viet Nam,VNM,Southeast Asia,7,2025,tb,0
doi:10.1016/s2213-2600(25)00194-8,Germany,DEU,Europe,1,2025,tb,0
doi:10.1016/s2213-2600(25)00194-8,Peru,PER,Latin America,7,2025,tb,0
doi:10.1016/s2213-2600(25)00194-8,South Africa,ZAF,Africa,1,2025,tb,0
doi:10.3389/fmicb.2025.1711400,Philippines,PHL,Southeast Asia,4,2025,amr_hai,0
doi:10.3389/fmicb.2025.1711400,Singapore,SGP,Southeast Asia,1,2025,amr_hai,1
doi:10.1073/pnas.2502522122,Singapore,SGP,Southeast Asia,16,2025,vector_borne,1
doi:10.1021/acs.analchem.5c05609,China,CHN,East Asia,8,2025,amr_hai,0
doi:10.1021/acs.analchem.5c05609,Singapore,SGP,Southeast Asia,3,2025,amr_hai,1
doi:10.3390/pathogens14080741,Norway,NOR,Europe,3,2025,tb,0
doi:10.3390/pathogens14080741,Pakistan,PAK,South Asia,3,2025,tb,0
doi:10.3390/pathogens14080741,Singapore,SGP,Southeast Asia,1,2025,tb,1
doi:10.1186/s12916-025-03941-2,Singapore,SGP,Southeast Asia,21,2025,vector_borne,1
doi:10.1101/2025.10.26.684512,Singapore,SGP,Southeast Asia,15,2025,other_id,1
doi:10.1101/2025.10.26.684512,United States,USA,North America,3,2025,other_id,0
doi:10.1101/2025.10.26.684512,France,FRA,Europe,4,2025,other_id,0
doi:10.1101/2025.10.26.684512,Switzerland,CHE,Europe,2,2025,other_id,0
doi:10.1002/pro.5142,Portugal,PRT,Europe,9,2024,vector_borne,0
doi:10.1002/pro.5142,Singapore,SGP,Southeast Asia,1,2024,vector_borne,1
doi:10.1186/s12915-024-02070-1,Singapore,SGP,Southeast Asia,5,2024,vector_borne,1
doi:10.1183/16000617.0208-2023,Australia,AUS,Oceania,3,2024,tb,0
doi:10.1183/16000617.0208-2023,Singapore,SGP,Southeast Asia,1,2024,tb,1
doi:10.1016/j.ijid.2024.107768,Singapore,SGP,Southeast Asia,10,2024,tb,1
doi:10.1038/s41467-024-48077-8,United States,USA,North America,10,2024,tb,0
doi:10.1038/s41467-024-48077-8,France,FRA,Europe,3,2024,tb,0
doi:10.1038/s41467-024-48077-8,United Kingdom,GBR,Europe,1,2024,tb,0
doi:10.1038/s41467-024-48077-8,Singapore,SGP,Southeast Asia,2,2024,tb,1
doi:10.1038/s41467-024-48077-8,Bangladesh,BGD,South Asia,1,2024,tb,0
doi:10.1038/s41467-024-48077-8,Myanmar,MMR,Southeast Asia,1,2024,tb,0
doi:10.1038/s41467-024-48077-8,Pakistan,PAK,South Asia,3,2024,tb,0
doi:10.1038/s41467-024-48077-8,Peru,PER,Latin America,1,2024,tb,0
doi:10.1038/s41467-024-48077-8,Ethiopia,ETH,Africa,1,2024,tb,0
doi:10.1038/s41467-024-48077-8,Haiti,HTI,Latin America,2,2024,tb,0
doi:10.47102/annals-acadmedsg.2023391,Singapore,SGP,Southeast Asia,34,2024,tb,1
doi:10.1038/s41467-024-54419-3,Singapore,SGP,Southeast Asia,8,2024,tb,1
doi:10.1038/s41467-024-54419-3,Australia,AUS,Oceania,4,2024,tb,0
doi:10.1038/s41467-024-54419-3,Viet Nam,VNM,Southeast Asia,2,2024,tb,0
doi:10.1038/s41467-024-54419-3,Sweden,SWE,Europe,1,2024,tb,0
doi:10.1038/s41467-024-54419-3,Philippines,PHL,Southeast Asia,4,2024,tb,0
doi:10.1038/s41467-024-54419-3,United States,USA,North America,1,2024,tb,0
doi:10.1038/s41467-024-54419-3,United Kingdom,GBR,Europe,1,2024,tb,0
doi:10.1016/s2213-2600(24)00186-3,United Kingdom,GBR,Europe,5,2024,tb,0
doi:10.1016/s2213-2600(24)00186-3,Ethiopia,ETH,Africa,3,2024,tb,0
doi:10.1016/s2213-2600(24)00186-3,India,IND,South Asia,3,2024,tb,0
doi:10.1016/s2213-2600(24)00186-3,Taiwan,TWN,East Asia,2,2024,tb,0
doi:10.1016/s2213-2600(24)00186-3,France,FRA,Europe,1,2024,tb,0
doi:10.1016/s2213-2600(24)00186-3,South Africa,ZAF,Africa,4,2024,tb,0
doi:10.1016/s2213-2600(24)00186-3,Singapore,SGP,Southeast Asia,1,2024,tb,1
doi:10.1016/s2213-2600(24)00186-3,Uganda,UGA,Africa,1,2024,tb,0
doi:10.1016/s2213-2600(24)00186-3,Belgium,BEL,Europe,2,2024,tb,0
doi:10.1016/s2213-2600(24)00186-3,Mongolia,MNG,East Asia,1,2024,tb,0
doi:10.1016/s2213-2600(24)00186-3,United States,USA,North America,1,2024,tb,0
doi:10.1007/s12104-024-10208-z,Singapore,SGP,Southeast Asia,6,2024,vector_borne,1
doi:10.1007/s12104-024-10208-z,China,CHN,East Asia,2,2024,vector_borne,0
doi:10.1186/s12874-024-02291-6,Singapore,SGP,Southeast Asia,6,2024,vector_borne,1
doi:10.1186/s12874-024-02291-6,Australia,AUS,Oceania,1,2024,vector_borne,0
doi:10.1016/s2542-5196(24)00169-4,Singapore,SGP,Southeast Asia,18,2024,vector_borne,1
doi:10.1186/s12879-024-10027-6,Singapore,SGP,Southeast Asia,2,2024,tb,1
doi:10.1186/s12879-024-10027-6,United States,USA,North America,2,2024,tb,0
doi:10.1186/s12879-024-10027-6,Philippines,PHL,Southeast Asia,3,2024,tb,0
doi:10.1186/s12879-024-10027-6,Thailand,THA,Southeast Asia,2,2024,tb,0
doi:10.1016/j.cell.2024.10.028,Singapore,SGP,Southeast Asia,23,2024,vector_borne,1
doi:10.1016/j.cell.2024.10.028,United States,USA,North America,2,2024,vector_borne,0
doi:10.1016/j.cell.2024.10.028,China,CHN,East Asia,2,2024,vector_borne,0
doi:10.1016/j.cell.2024.10.028,France,FRA,Europe,1,2024,vector_borne,0
doi:10.1016/j.ijid.2024.107221,Canada,CAN,North America,11,2024,tb,0
doi:10.1016/j.ijid.2024.107221,Germany,DEU,Europe,1,2024,tb,0
doi:10.1016/j.ijid.2024.107221,South Africa,ZAF,Africa,3,2024,tb,0
doi:10.1016/j.ijid.2024.107221,United Kingdom,GBR,Europe,1,2024,tb,0
doi:10.1016/j.ijid.2024.107221,Zambia,ZMB,Africa,3,2024,tb,0
doi:10.1016/j.ijid.2024.107221,Switzerland,CHE,Europe,2,2024,tb,0
doi:10.1016/j.ijid.2024.107221,Singapore,SGP,Southeast Asia,1,2024,tb,1
doi:10.1016/s2666-5247(24)00149-6,United Kingdom,GBR,Europe,11,2024,tb,0
doi:10.1016/s2666-5247(24)00149-6,South Africa,ZAF,Africa,9,2024,tb,0
doi:10.1016/s2666-5247(24)00149-6,Taiwan,TWN,East Asia,2,2024,tb,0
doi:10.1016/s2666-5247(24)00149-6,France,FRA,Europe,1,2024,tb,0
doi:10.1016/s2666-5247(24)00149-6,Germany,DEU,Europe,2,2024,tb,0
doi:10.1016/s2666-5247(24)00149-6,United States,USA,North America,1,2024,tb,0
doi:10.1016/s2666-5247(24)00149-6,India,IND,South Asia,1,2024,tb,0
doi:10.1016/s2666-5247(24)00149-6,Singapore,SGP,Southeast Asia,1,2024,tb,1
doi:10.1016/j.ebiom.2024.105456,Singapore,SGP,Southeast Asia,5,2024,vector_borne,1
doi:10.1016/j.ebiom.2024.105456,Australia,AUS,Oceania,1,2024,vector_borne,0
doi:10.1016/j.ebiom.2024.105456,Malaysia,MYS,Southeast Asia,2,2024,vector_borne,0
doi:10.1093/jtm/taae103,Singapore,SGP,Southeast Asia,21,2024,vector_borne,1
doi:10.1093/infdis/jiae104,Singapore,SGP,Southeast Asia,16,2024,tb,1
doi:10.1093/infdis/jiae104,United Kingdom,GBR,Europe,3,2024,tb,0
doi:10.1093/infdis/jiae104,Philippines,PHL,Southeast Asia,2,2024,tb,0
doi:10.1093/infdis/jiae104,Malaysia,MYS,Southeast Asia,2,2024,tb,0
doi:10.1038/s42003-024-06822-1,Netherlands,NLD,Europe,18,2024,tb,0
doi:10.1038/s42003-024-06822-1,Indonesia,IDN,Southeast Asia,2,2024,tb,0
doi:10.1038/s42003-024-06822-1,Singapore,SGP,Southeast Asia,4,2024,tb,1
doi:10.1038/s42003-024-06822-1,United Kingdom,GBR,Europe,1,2024,tb,0
